Rk,Player,Pos,Age,Tm,G,MP,PER,TS%,3PAr,FTr,ORB%,DRB%,TRB%,AST%,STL%,BLK%,TOV%,USG%,OWS,DWS,WS,WS/48,OBPM,DBPM,BPM,VORP
1.0,Precious Achiuwa,PF,21.0,MIA,61.0,737.0,14.2,0.55,0.004,0.482,11.5,20.6,16.1,6.1,1.3,4.0,13.5,19.5,0.3,1.0,1.3,0.085,-3.6,-0.5,-4.1,-0.4
2.0,Jaylen Adams,PG,24.0,MIL,7.0,18.0,-6.5,0.125,0.25,0.0,0.0,16.9,8.8,12.7,0.0,0.0,0.0,18.6,-0.1,0.0,-0.1,-0.252,-15.1,-4.6,-19.8,-0.1
3.0,Steven Adams,C,27.0,NOP,58.0,1605.0,15.1,0.596,0.01,0.438,14.4,20.4,17.4,9.1,1.6,2.2,17.5,11.7,2.3,1.7,4.0,0.119,-0.4,0.1,-0.3,0.7
4.0,Bam Adebayo,C,23.0,MIA,64.0,2143.0,22.7,0.626,0.01,0.443,7.7,22.6,15.3,26.9,1.7,3.2,15.0,23.7,5.6,3.2,8.8,0.197,2.9,2.0,4.9,3.7
5.0,LaMarcus Aldridge,C,35.0,SAS,21.0,544.0,15.1,0.545,0.302,0.149,3.3,15.4,9.2,10.2,0.7,2.8,7.0,22.7,0.3,0.5,0.8,0.067,-0.2,-0.7,-0.9,0.2
5.0,LaMarcus Aldridge,C,35.0,BRK,5.0,130.0,18.2,0.611,0.104,0.208,1.8,17.8,10.2,14.3,1.1,7.4,11.8,19.9,0.2,0.2,0.4,0.135,0.1,2.1,2.2,0.1
6.0,Ty-Shon Alexander,SG,22.0,PHO,15.0,47.0,4.2,0.349,0.75,0.167,4.9,19.0,12.1,15.4,0.0,1.9,18.9,15.0,-0.1,0.0,0.0,-0.048,-4.8,-1.7,-6.5,-0.1
7.0,Nickeil Alexander-Walker,SG,22.0,NOP,46.0,1007.0,12.5,0.522,0.478,0.144,1.4,14.1,7.8,14.7,2.2,2.1,12.4,23.2,-0.3,1.0,0.7,0.035,-1.4,0.1,-1.3,0.2
8.0,Grayson Allen,SG,25.0,MEM,50.0,1259.0,12.8,0.586,0.662,0.22,1.6,12.0,6.7,11.5,1.7,0.6,9.6,16.8,1.5,1.2,2.7,0.101,-0.2,0.1,-0.2,0.6
9.0,Jarrett Allen,C,22.0,BRK,12.0,320.0,21.5,0.73,0.0,0.938,13.8,28.6,21.6,8.3,1.1,5.2,19.3,15.5,1.0,0.5,1.4,0.216,1.7,0.9,2.6,0.4
9.0,Jarrett Allen,C,22.0,CLE,51.0,1544.0,19.8,0.649,0.046,0.549,11.2,25.9,18.3,8.8,0.8,4.1,13.1,16.8,3.4,1.6,5.0,0.155,1.2,-0.4,0.8,1.1
10.0,Al-Farouq Aminu,PF,30.0,ORL,17.0,367.0,9.9,0.482,0.348,0.191,5.5,20.8,12.9,11.3,2.3,2.2,20.6,14.3,-0.3,0.4,0.1,0.014,-4.4,1.3,-3.1,-0.1
10.0,Al-Farouq Aminu,PF,30.0,CHI,6.0,67.0,3.0,0.369,0.6,0.5,3.3,27.8,15.7,3.5,1.4,0.0,19.7,9.8,-0.1,0.1,0.0,-0.013,-7.5,0.2,-7.3,-0.1
11.0,Kyle Anderson,PF,27.0,MEM,69.0,1887.0,17.2,0.578,0.397,0.28,2.9,19.5,11.1,18.3,2.1,2.7,10.4,18.5,2.9,2.7,5.6,0.143,1.4,1.9,3.3,2.5
12.0,Giannis Antetokounmpo,PF,26.0,MIL,61.0,2013.0,29.2,0.633,0.201,0.528,5.3,28.9,17.5,28.7,1.7,3.2,13.2,32.5,6.9,3.3,10.2,0.244,6.2,2.8,9.0,5.6
13.0,Kostas Antetokounmpo,PF,23.0,LAL,15.0,56.0,0.0,0.382,0.0,1.3,8.1,29.9,19.1,2.3,1.7,6.4,41.2,20.7,-0.3,0.1,-0.2,-0.174,-13.3,0.8,-12.6,-0.1
14.0,Thanasis Antetokounmpo,SF,28.0,MIL,57.0,551.0,10.3,0.523,0.212,0.358,10.7,12.9,11.8,10.3,1.9,1.6,21.3,15.3,0.0,0.6,0.7,0.057,-3.7,0.2,-3.5,-0.2
15.0,Carmelo Anthony,PF,36.0,POR,69.0,1690.0,14.6,0.547,0.418,0.198,2.0,11.8,6.8,9.2,1.3,2.0,6.7,23.1,1.7,0.8,2.6,0.073,0.2,-1.3,-1.1,0.4
16.0,Cole Anthony,PG,20.0,ORL,47.0,1273.0,12.1,0.496,0.312,0.237,3.0,15.4,9.0,24.2,1.1,1.3,14.8,24.3,-0.9,0.9,0.0,-0.001,-1.9,-1.4,-3.3,-0.4
17.0,OG Anunoby,SF,23.0,TOR,43.0,1433.0,15.4,0.605,0.503,0.197,4.0,14.6,9.1,10.1,2.2,2.2,11.7,19.3,1.5,1.6,3.1,0.104,0.8,0.4,1.2,1.2
18.0,Ryan Arcidiacono,PG,26.0,CHI,44.0,450.0,9.8,0.541,0.573,0.171,1.2,15.1,8.3,16.3,1.0,0.0,7.4,13.1,0.5,0.4,0.9,0.093,-2.6,0.3,-2.3,0.0
19.0,Trevor Ariza,SF,35.0,MIA,30.0,841.0,11.9,0.542,0.593,0.183,3.7,15.6,9.8,9.4,1.8,2.2,7.5,15.1,0.5,1.0,1.6,0.091,-1.2,0.1,-1.1,0.2
20.0,D.J. Augustin,PG,33.0,MIL,37.0,713.0,10.2,0.542,0.672,0.208,1.7,5.5,3.7,18.6,1.3,0.1,14.0,14.3,0.8,0.4,1.2,0.08,-1.3,-0.9,-2.2,0.0
20.0,D.J. Augustin,PG,33.0,HOU,20.0,416.0,15.5,0.604,0.583,0.358,2.2,9.4,5.6,28.3,0.9,0.0,15.1,21.0,0.8,0.1,0.9,0.103,0.6,-2.6,-2.0,0.0
21.0,Deni Avdija,SF,20.0,WAS,54.0,1257.0,7.6,0.515,0.538,0.144,1.9,20.2,11.0,6.3,1.2,1.0,9.0,12.0,0.0,1.2,1.2,0.046,-3.6,0.4,-3.1,-0.4
22.0,Deandre Ayton,C,22.0,PHO,69.0,2115.0,20.3,0.653,0.029,0.252,12.4,26.3,19.5,6.8,1.0,3.4,11.9,18.2,5.3,3.1,8.4,0.191,1.1,0.1,1.2,1.7
23.0,Udoka Azubuike,C,21.0,UTA,15.0,57.0,10.3,0.597,0.0,1.111,7.8,16.0,12.1,0.0,0.9,5.7,18.3,12.4,0.0,0.1,0.1,0.119,-5.5,1.7,-3.8,0.0
24.0,Dwayne Bacon,SG,25.0,ORL,72.0,1853.0,9.9,0.49,0.285,0.242,1.7,11.2,6.3,7.9,1.2,0.2,5.4,19.8,-0.3,0.9,0.5,0.013,-3.7,-1.4,-5.1,-1.5
25.0,Marvin Bagley III,PF,21.0,SAC,43.0,1112.0,16.3,0.554,0.22,0.273,10.4,21.5,15.9,5.8,0.9,1.6,9.7,23.5,0.9,0.5,1.4,0.059,-0.4,-2.7,-3.1,-0.3
26.0,LaMelo Ball,PG,19.0,CHO,51.0,1469.0,17.5,0.539,0.388,0.246,4.6,17.9,11.1,33.9,2.7,1.2,16.3,26.1,1.0,1.9,2.8,0.093,1.1,0.7,1.8,1.4
27.0,Lonzo Ball,PG,23.0,NOP,55.0,1747.0,15.2,0.551,0.65,0.091,2.1,14.3,8.2,25.4,2.3,1.7,14.5,20.5,1.5,1.7,3.2,0.089,1.4,0.3,1.7,1.6
28.0,Mo Bamba,C,22.0,ORL,46.0,725.0,19.3,0.556,0.392,0.219,10.5,28.0,19.0,8.1,0.9,7.3,9.8,21.8,0.7,1.1,1.8,0.117,0.2,0.0,0.1,0.4
29.0,Desmond Bane,SG,22.0,MEM,68.0,1519.0,12.2,0.6,0.543,0.098,2.1,12.6,7.3,10.6,1.3,0.9,10.2,16.1,1.6,1.3,2.9,0.093,-0.6,-0.2,-0.8,0.5
30.0,Harrison Barnes,PF,28.0,SAC,58.0,2102.0,15.4,0.626,0.399,0.366,3.3,17.2,10.2,13.0,1.0,0.4,11.1,17.2,4.0,0.5,4.5,0.103,1.5,-1.3,0.2,1.1
31.0,RJ Barrett,SG,20.0,NYK,72.0,2511.0,13.4,0.535,0.292,0.26,3.0,14.8,8.9,13.8,1.1,0.8,10.5,23.4,0.9,3.1,4.1,0.078,-0.9,-0.3,-1.2,0.5
32.0,Will Barton,SF,30.0,DEN,56.0,1736.0,11.8,0.538,0.423,0.199,2.6,12.2,7.4,14.1,1.4,1.3,12.7,19.0,0.7,1.5,2.2,0.061,-1.0,-0.8,-1.9,0.1
33.0,Keita Bates-Diop,SF,25.0,SAS,30.0,245.0,12.0,0.518,0.254,0.313,3.8,17.7,10.6,6.6,2.2,1.7,8.4,14.8,0.1,0.3,0.3,0.068,-2.3,0.4,-1.9,0.0
34.0,Nicolas Batum,SF,32.0,LAC,67.0,1835.0,12.9,0.617,0.66,0.141,3.2,15.9,9.7,10.5,1.9,1.8,10.8,11.8,2.7,2.3,5.0,0.132,0.6,1.5,2.1,1.9
35.0,Aron Baynes,C,34.0,TOR,53.0,980.0,10.5,0.503,0.339,0.135,9.4,21.7,15.3,7.0,0.8,2.3,12.5,16.2,0.1,0.9,1.0,0.049,-3.4,-1.1,-4.5,-0.6
36.0,Kent Bazemore,SF,31.0,GSW,67.0,1333.0,10.6,0.564,0.469,0.199,2.1,16.0,9.1,11.1,2.4,2.2,16.1,16.3,-0.2,2.1,1.8,0.065,-2.9,1.7,-1.2,0.2
37.0,Darius Bazley,PF,20.0,OKC,55.0,1714.0,9.7,0.491,0.414,0.258,3.1,21.2,12.0,8.9,0.8,1.3,13.7,22.1,-2.3,1.4,-0.9,-0.026,-3.1,-1.3,-4.4,-1.0
38.0,Bradley Beal,SG,27.0,WAS,60.0,2147.0,22.7,0.593,0.27,0.332,3.6,10.4,7.0,21.3,1.5,0.9,10.6,34.1,4.2,1.7,5.9,0.132,4.8,-1.4,3.4,2.9
39.0,Malik Beasley,SG,24.0,MIN,37.0,1214.0,14.6,0.57,0.535,0.133,2.4,12.4,7.2,11.6,1.2,0.5,8.6,24.0,0.9,0.4,1.3,0.053,1.6,-1.8,-0.2,0.6
40.0,Jordan Bell,C,26.0,WAS,5.0,67.0,8.5,0.35,0.1,0.0,9.5,20.5,15.0,9.5,2.1,3.7,13.0,14.2,-0.1,0.1,0.0,-0.004,-5.4,-0.3,-5.7,-0.1
40.0,Jordan Bell,C,26.0,GSW,1.0,15.0,5.6,0.174,0.0,1.0,7.2,28.0,17.7,15.5,0.0,11.8,25.8,11.1,0.0,0.0,0.0,-0.026,-8.3,1.7,-6.5,0.0
41.0,DeAndre' Bembry,SF,26.0,TOR,51.0,972.0,11.2,0.57,0.232,0.289,3.6,13.3,8.3,15.6,2.6,1.9,21.6,14.6,0.1,1.1,1.2,0.059,-3.2,1.4,-1.9,0.0
42.0,Dāvis Bertāns,PF,28.0,WAS,57.0,1464.0,11.4,0.62,0.895,0.241,1.3,10.8,6.1,4.4,1.0,0.7,5.9,15.9,2.1,1.0,3.1,0.101,0.3,-1.1,-0.8,0.4
43.0,Patrick Beverley,PG,32.0,LAC,37.0,832.0,12.0,0.58,0.641,0.205,4.0,11.8,8.0,12.0,1.7,3.0,12.4,14.6,1.0,1.0,2.1,0.119,-0.7,1.4,0.7,0.6
44.0,Saddiq Bey,SF,21.0,DET,70.0,1909.0,12.6,0.567,0.666,0.213,2.5,16.2,9.3,7.6,1.3,0.6,7.4,18.7,1.6,1.7,3.3,0.082,0.3,-0.8,-0.5,0.7
45.0,Tyler Bey,SF,22.0,DAL,18.0,71.0,5.9,0.372,0.182,0.227,12.5,16.9,14.7,5.6,0.0,1.3,11.0,16.9,-0.1,0.0,0.0,-0.033,-5.5,-3.9,-9.5,-0.1
46.0,Khem Birch,C,28.0,ORL,48.0,952.0,14.1,0.517,0.1,0.407,12.3,14.2,13.2,8.0,1.6,2.7,8.5,12.2,1.3,0.8,2.1,0.106,-1.7,0.1,-1.6,0.1
46.0,Khem Birch,C,28.0,TOR,19.0,577.0,16.9,0.596,0.181,0.257,10.5,17.2,13.7,9.4,1.3,3.8,9.9,15.8,1.1,0.6,1.7,0.138,0.1,0.0,0.1,0.3
47.0,Goga Bitadze,C,21.0,IND,45.0,561.0,16.3,0.523,0.407,0.314,11.7,17.3,14.5,8.9,0.8,8.7,7.1,18.1,0.7,0.8,1.5,0.129,-2.0,1.0,-1.0,0.1
48.0,Bismack Biyombo,C,28.0,CHO,66.0,1349.0,11.7,0.574,0.004,0.434,10.8,17.1,13.9,8.3,0.6,5.4,19.8,11.5,0.9,1.4,2.3,0.081,-3.4,0.4,-3.0,-0.4
49.0,Nemanja Bjelica,PF,32.0,SAC,26.0,439.0,12.7,0.555,0.387,0.28,6.0,19.5,12.6,15.3,0.9,0.4,14.3,19.3,0.3,0.1,0.5,0.052,-1.3,-1.3,-2.6,-0.1
49.0,Nemanja Bjelica,PF,32.0,MIA,11.0,156.0,13.3,0.55,0.587,0.196,3.7,15.8,9.9,18.7,2.2,2.0,9.1,15.9,0.2,0.2,0.4,0.122,-1.8,0.4,-1.3,0.0
50.0,Eric Bledsoe,SG,31.0,NOP,71.0,2111.0,11.5,0.533,0.486,0.267,1.5,11.1,6.3,17.3,1.2,1.1,12.3,18.5,1.1,1.3,2.3,0.053,-1.2,-0.9,-2.0,0.0
51.0,Keljin Blevins,SF,25.0,POR,17.0,75.0,-0.9,0.3,0.4,0.0,4.2,10.3,7.1,6.7,1.3,0.0,20.0,14.3,-0.2,0.0,-0.2,-0.137,-8.3,-2.3,-10.7,-0.2
52.0,Bogdan Bogdanović,SG,28.0,ATL,44.0,1305.0,17.6,0.616,0.589,0.078,1.7,11.5,6.7,17.6,1.8,0.9,8.5,21.3,2.8,1.1,3.9,0.142,3.3,0.3,3.6,1.8
53.0,Bojan Bogdanović,SF,31.0,UTA,72.0,2216.0,14.0,0.588,0.498,0.286,2.0,11.1,6.7,9.1,1.0,0.1,10.9,22.8,2.7,2.5,5.2,0.113,0.2,-0.7,-0.4,0.9
54.0,Bol Bol,PF,21.0,DEN,32.0,160.0,9.4,0.534,0.414,0.259,0.0,16.9,8.5,6.0,0.9,6.1,16.8,21.2,-0.2,0.2,0.0,-0.004,-3.8,-0.3,-4.1,-0.1
55.0,Marques Bolden,C,22.0,CLE,6.0,29.0,13.3,0.537,0.0,2.667,11.3,11.9,11.6,0.0,3.4,6.1,23.5,12.8,0.0,0.0,0.0,0.063,-3.8,0.8,-3.0,0.0
56.0,Jordan Bone,PG,23.0,ORL,14.0,196.0,8.9,0.519,0.593,0.0,2.0,11.0,6.4,13.6,0.5,0.0,5.3,12.6,0.1,0.1,0.2,0.045,-3.0,-1.2,-4.2,-0.1
57.0,Isaac Bonga,SF,21.0,WAS,40.0,432.0,4.0,0.461,0.58,0.099,4.4,11.7,8.1,6.5,1.2,1.7,20.7,10.2,-0.4,0.4,0.0,-0.001,-5.8,0.0,-5.8,-0.4
58.0,Devin Booker,SG,24.0,PHO,67.0,2270.0,19.2,0.587,0.288,0.305,1.7,12.1,7.0,20.6,1.2,0.6,12.4,32.7,2.9,2.0,4.9,0.104,1.7,-1.4,0.3,1.3
59.0,Chris Boucher,C,28.0,TOR,60.0,1453.0,21.9,0.634,0.42,0.345,8.5,22.5,15.3,6.9,1.2,7.6,6.7,20.5,4.0,2.1,6.1,0.201,2.7,0.6,3.3,2.0
60.0,Brian Bowen,SF,22.0,IND,6.0,15.0,1.0,0.338,0.25,0.25,0.0,21.6,10.8,0.0,0.0,0.0,0.0,12.6,0.0,0.0,0.0,-0.063,-8.1,-2.9,-11.0,0.0
61.0,Avery Bradley,SG,30.0,MIA,10.0,211.0,10.4,0.607,0.576,0.136,1.1,8.5,4.9,10.0,1.6,0.5,11.4,16.9,0.1,0.2,0.3,0.072,-2.5,0.1,-2.4,0.0
61.0,Avery Bradley,SG,30.0,HOU,17.0,391.0,4.0,0.409,0.6,0.057,1.6,9.4,5.3,11.2,1.7,0.5,15.0,13.8,-0.6,0.2,-0.4,-0.052,-6.2,-0.8,-6.9,-0.5
62.0,Tony Bradley,C,23.0,PHI,20.0,287.0,21.1,0.683,0.013,0.147,15.2,24.5,19.9,8.7,1.0,4.1,7.0,12.9,1.0,0.5,1.5,0.245,2.3,1.0,3.3,0.4
62.0,Tony Bradley,C,23.0,OKC,22.0,397.0,20.4,0.676,0.016,0.361,11.9,23.6,17.7,8.3,1.1,3.8,16.0,18.0,0.8,0.5,1.3,0.154,0.4,-0.5,-0.2,0.2
63.0,Jarrell Brantley,PF,24.0,UTA,28.0,138.0,16.6,0.605,0.538,0.038,7.2,13.3,10.4,16.1,2.5,1.2,13.1,19.0,0.3,0.2,0.5,0.172,0.6,1.6,2.2,0.1
64.0,Ignas Brazdeikis,SF,22.0,NYK,4.0,7.0,11.2,0.532,0.0,2.0,15.7,15.3,15.5,17.5,0.0,0.0,34.7,18.3,0.0,0.0,0.0,0.039,-2.9,-1.2,-4.1,0.0
64.0,Ignas Brazdeikis,SF,22.0,PHI,1.0,8.0,-12.0,0.0,0.333,0.0,0.0,27.0,13.8,0.0,0.0,0.0,0.0,16.1,-0.1,0.0,-0.1,-0.33,-15.2,-6.2,-21.4,0.0
64.0,Ignas Brazdeikis,SF,22.0,ORL,8.0,234.0,10.2,0.528,0.342,0.152,4.3,14.2,9.1,10.6,0.8,1.2,11.5,17.6,0.0,0.1,0.1,0.027,-2.8,-2.0,-4.8,-0.2
65.0,Mikal Bridges,SF,24.0,PHO,72.0,2348.0,16.4,0.667,0.471,0.196,3.7,11.1,7.5,8.8,1.6,2.4,7.3,14.9,5.4,2.6,8.0,0.164,2.4,0.9,3.3,3.1
66.0,Miles Bridges,PF,22.0,CHO,66.0,1932.0,14.7,0.625,0.466,0.182,4.5,18.0,11.1,11.4,1.1,2.7,13.6,17.3,2.4,1.9,4.2,0.105,0.2,0.1,0.2,1.1
67.0,Amida Brimah,C,26.0,IND,5.0,29.0,16.6,0.697,0.0,0.375,7.5,22.3,15.0,4.8,0.0,14.0,30.0,19.6,0.0,0.1,0.0,0.073,-6.2,1.4,-4.8,0.0
68.0,Oshae Brissett,SF,22.0,IND,21.0,519.0,17.2,0.638,0.517,0.43,6.1,17.9,12.0,4.6,1.7,3.1,5.3,15.6,1.2,0.6,1.8,0.165,1.1,-0.5,0.6,0.3
69.0,Malcolm Brogdon,PG,28.0,IND,56.0,1930.0,17.9,0.561,0.382,0.181,3.3,13.2,8.3,25.7,1.2,0.6,9.8,25.9,2.9,1.3,4.2,0.105,3.0,-0.9,2.1,2.0
70.0,Armoni Brooks,SG,22.0,HOU,20.0,520.0,10.4,0.565,0.818,0.063,2.0,12.4,7.0,8.7,1.1,0.9,10.0,17.9,0.1,0.2,0.3,0.03,-1.1,-2.1,-3.2,-0.2
71.0,Dillon Brooks,SF,25.0,MEM,67.0,1997.0,12.1,0.515,0.361,0.189,2.8,7.7,5.2,11.7,1.9,1.2,9.6,26.1,-0.5,1.8,1.4,0.033,-2.6,-1.1,-3.7,-0.9
72.0,Bruce Brown,PG,24.0,BRK,65.0,1451.0,16.1,0.604,0.139,0.277,8.9,17.2,13.3,9.8,1.9,1.7,10.2,15.9,2.8,1.5,4.4,0.144,-0.4,0.2,-0.1,0.7
73.0,Charlie Brown Jr.,SG,23.0,OKC,9.0,152.0,4.1,0.422,0.488,0.233,2.0,9.7,5.8,8.2,1.3,1.2,11.2,14.9,-0.2,0.1,-0.1,-0.032,-7.4,-1.3,-8.7,-0.3
74.0,Jaylen Brown,SG,24.0,BOS,58.0,1999.0,19.9,0.586,0.37,0.225,3.9,15.5,9.7,16.5,1.8,1.5,11.5,29.7,2.8,2.0,4.8,0.115,3.2,-0.7,2.5,2.3
75.0,Moses Brown,C,21.0,OKC,43.0,920.0,18.8,0.572,0.0,0.47,17.2,26.2,21.6,1.7,1.6,4.5,11.7,16.9,1.3,1.3,2.6,0.138,-1.3,-1.2,-2.4,-0.1
76.0,Sterling Brown,SG,25.0,HOU,51.0,1229.0,11.1,0.597,0.642,0.093,3.2,16.8,9.7,8.4,1.5,0.9,10.5,13.5,1.0,0.8,1.8,0.071,-1.6,0.0,-1.6,0.1
77.0,Troy Brown Jr.,SF,21.0,WAS,21.0,287.0,6.3,0.471,0.517,0.169,4.1,18.4,11.3,8.5,0.5,1.2,14.3,16.1,-0.3,0.2,-0.1,-0.009,-4.2,-1.3,-5.5,-0.3
77.0,Troy Brown Jr.,SF,21.0,CHI,13.0,237.0,11.2,0.616,0.436,0.109,4.3,16.2,10.3,5.6,1.4,0.7,8.0,11.5,0.3,0.2,0.5,0.107,-2.3,0.2,-2.2,0.0
78.0,Jalen Brunson,PG,24.0,DAL,68.0,1697.0,17.1,0.618,0.319,0.241,1.8,13.1,7.5,21.3,1.0,0.1,10.3,20.2,3.9,1.1,5.1,0.143,1.5,-0.6,0.9,1.2
79.0,Elijah Bryant,SG,25.0,MIL,1.0,32.0,10.6,0.559,0.385,0.231,6.8,12.7,9.9,12.6,0.0,2.8,21.8,24.0,0.0,0.0,0.0,0.008,-3.9,-3.4,-7.3,0.0
80.0,Thomas Bryant,C,23.0,WAS,10.0,271.0,18.7,0.704,0.231,0.264,7.1,16.8,11.9,8.2,0.7,2.5,9.8,17.2,0.7,0.2,1.0,0.171,1.4,-0.6,0.9,0.2
81.0,Reggie Bullock,SF,29.0,NYK,65.0,1949.0,11.1,0.606,0.709,0.098,0.9,11.4,6.2,7.4,1.3,0.5,7.1,14.4,2.3,2.3,4.6,0.114,-0.9,0.8,-0.1,0.9
82.0,Trey Burke,PG,28.0,DAL,62.0,911.0,12.6,0.544,0.465,0.161,1.2,5.3,3.3,12.9,1.9,0.7,8.0,20.0,0.7,0.7,1.4,0.071,-1.4,-0.4,-1.8,0.0
83.0,Alec Burks,SG,29.0,NYK,49.0,1255.0,14.8,0.564,0.492,0.236,1.8,17.6,9.8,13.2,1.2,1.1,8.2,21.3,1.5,1.8,3.3,0.126,0.9,0.6,1.5,1.1
84.0,Jimmy Butler,SF,31.0,MIA,52.0,1745.0,26.5,0.607,0.139,0.565,6.3,17.1,11.8,35.1,3.1,1.1,10.6,26.6,6.6,2.7,9.3,0.255,5.4,2.3,7.7,4.3
85.0,Bruno Caboclo,PF,25.0,HOU,6.0,36.0,9.0,0.475,0.294,0.118,8.5,34.0,20.7,4.7,0.0,5.0,18.3,25.8,-0.1,0.0,-0.1,-0.088,-8.5,-1.7,-10.2,-0.1
86.0,Devontae Cacok,PF,24.0,LAL,20.0,98.0,17.2,0.576,0.0,0.379,13.8,22.8,18.4,1.5,2.5,3.7,12.9,17.2,0.1,0.2,0.3,0.142,-1.5,0.4,-1.0,0.0
87.0,Kentavious Caldwell-Pope,SG,27.0,LAL,67.0,1902.0,10.7,0.588,0.579,0.221,1.6,8.9,5.3,9.2,1.6,1.2,10.6,14.2,1.6,2.6,4.2,0.107,-1.6,1.0,-0.5,0.7
88.0,Facundo Campazzo,PG,29.0,DEN,65.0,1425.0,11.6,0.558,0.686,0.289,1.8,8.9,5.3,20.2,2.7,1.0,17.1,13.1,1.6,1.5,3.1,0.105,-1.7,1.2,-0.6,0.5
89.0,Vlatko Čančar,PF,23.0,DEN,41.0,281.0,9.7,0.547,0.458,0.181,4.5,15.7,10.1,6.4,1.9,0.7,15.3,14.2,0.0,0.3,0.3,0.053,-2.6,0.0,-2.6,0.0
90.0,Devin Cannady,PG,24.0,ORL,8.0,74.0,11.2,0.547,0.571,0.25,0.0,7.3,3.5,2.1,3.3,1.2,6.0,19.3,0.0,0.1,0.1,0.057,-4.0,1.0,-3.1,0.0
91.0,Clint Capela,C,26.0,ATL,63.0,1898.0,24.3,0.601,0.0,0.327,17.5,34.3,26.1,4.1,1.1,6.0,8.4,19.9,4.9,3.3,8.2,0.207,2.7,0.0,2.7,2.2
92.0,Vernon Carey Jr.,C,19.0,CHO,19.0,115.0,11.7,0.563,0.194,0.306,5.6,20.1,12.7,2.6,0.4,4.3,10.9,17.2,0.0,0.1,0.2,0.066,-4.4,-1.7,-6.1,-0.1
93.0,Jevon Carter,PG,25.0,PHO,60.0,717.0,12.2,0.548,0.677,0.031,2.6,11.8,7.3,13.0,2.0,1.1,6.6,15.0,0.7,0.8,1.6,0.104,-0.4,0.9,0.5,0.5
94.0,Wendell Carter Jr.,C,21.0,CHI,32.0,792.0,16.3,0.578,0.087,0.44,9.9,24.9,17.5,12.3,1.1,2.6,14.0,19.1,1.1,1.0,2.1,0.13,-1.4,0.4,-1.0,0.2
94.0,Wendell Carter Jr.,C,21.0,ORL,22.0,583.0,17.3,0.549,0.141,0.332,10.7,24.1,17.2,9.7,1.4,2.8,11.0,19.5,0.6,0.7,1.2,0.103,-0.8,-1.0,-1.7,0.0
95.0,Michael Carter-Williams,SG,29.0,ORL,31.0,800.0,9.5,0.449,0.226,0.296,4.9,13.4,9.0,24.3,1.5,1.9,18.4,20.2,-1.1,0.6,-0.5,-0.028,-4.6,-0.2,-4.8,-0.6
96.0,Alex Caruso,PG,26.0,LAL,58.0,1216.0,11.1,0.547,0.449,0.249,2.9,12.8,7.9,18.1,2.6,1.1,18.3,14.8,0.3,2.1,2.4,0.095,-2.5,2.5,0.0,0.6
97.0,Willie Cauley-Stein,C,27.0,DAL,53.0,906.0,14.3,0.647,0.06,0.429,8.1,20.5,14.3,5.3,1.1,4.4,11.8,12.0,1.6,1.2,2.8,0.147,-2.2,0.9,-1.3,0.2
98.0,Chris Chiozza,PG,25.0,BRK,22.0,232.0,12.9,0.461,0.477,0.193,1.5,9.5,5.7,36.9,1.5,2.3,14.4,21.0,0.1,0.2,0.3,0.063,-0.1,-0.6,-0.7,0.1
99.0,Marquese Chriss,PF,23.0,GSW,2.0,27.0,11.8,0.412,0.357,0.286,12.0,38.9,25.6,11.0,0.0,6.5,11.3,28.1,-0.1,0.1,0.0,-0.03,-2.4,0.3,-2.1,0.0
100.0,Gary Clark,SF,26.0,ORL,35.0,637.0,6.1,0.439,0.824,0.076,5.2,13.3,9.1,6.4,0.9,1.0,11.2,10.3,-0.2,0.3,0.1,0.007,-4.2,-0.7,-4.9,-0.5
100.0,Gary Clark,SF,26.0,DEN,2.0,4.0,2.9,0.0,0.0,0.0,0.0,28.2,14.2,0.0,0.0,0.0,0.0,0.0,0.0,0.0,0.0,0.037,-4.4,-2.0,-6.5,0.0
100.0,Gary Clark,PF,26.0,PHI,2.0,13.0,3.8,0.0,0.0,0.0,0.0,16.6,8.5,9.0,3.7,0.0,0.0,3.3,0.0,0.0,0.0,0.044,-6.5,0.6,-5.9,0.0
101.0,Brandon Clarke,PF,24.0,MEM,59.0,1415.0,17.3,0.56,0.156,0.228,7.2,17.5,12.3,9.5,2.0,3.2,5.7,17.2,2.2,2.0,4.2,0.142,0.4,1.2,1.5,1.3
102.0,Jordan Clarkson,SG,28.0,UTA,68.0,1818.0,17.1,0.549,0.557,0.134,2.9,12.7,8.0,15.3,1.6,0.4,9.2,29.7,1.7,2.5,4.2,0.111,1.8,-0.4,1.4,1.6
103.0,Nic Claxton,C,21.0,BRK,32.0,594.0,16.9,0.612,0.034,0.441,8.4,21.8,15.4,6.4,1.9,5.9,9.4,14.0,1.0,0.9,1.9,0.153,-1.0,1.4,0.4,0.4
104.0,Amir Coffey,SG,23.0,LAC,44.0,394.0,10.1,0.585,0.544,0.369,2.9,9.4,6.3,7.4,1.3,0.0,11.1,15.1,0.4,0.3,0.7,0.085,-1.9,-0.1,-2.0,0.0
105.0,John Collins,PF,23.0,ATL,63.0,1848.0,20.6,0.645,0.27,0.265,7.1,20.3,13.8,6.9,0.9,3.0,8.9,22.2,4.8,1.9,6.7,0.174,2.5,-0.2,2.3,2.0
106.0,Mike Conley,PG,33.0,UTA,51.0,1498.0,19.2,0.589,0.523,0.222,2.7,9.6,6.3,30.6,2.3,0.5,12.4,23.1,4.0,2.1,6.1,0.197,3.6,1.3,4.9,2.6
107.0,Pat Connaughton,SG,28.0,MIL,69.0,1575.0,11.3,0.578,0.703,0.103,4.4,17.3,11.1,6.3,1.5,1.3,7.5,11.6,1.8,1.7,3.5,0.108,-0.5,0.5,0.0,0.8
108.0,Quinn Cook,PG,27.0,LAL,16.0,62.0,13.8,0.585,0.5,0.192,0.0,9.0,4.5,12.5,0.8,1.4,9.6,21.9,0.1,0.1,0.1,0.098,-0.3,-0.1,-0.4,0.0
108.0,Quinn Cook,PG,27.0,CLE,7.0,95.0,12.0,0.496,0.31,0.071,2.3,12.1,7.1,22.1,1.6,0.0,8.5,21.7,0.0,0.1,0.1,0.037,-1.5,-0.2,-1.7,0.0
109.0,Tyler Cook,PF,23.0,BRK,4.0,17.0,1.6,0.333,0.0,0.0,6.9,6.2,6.5,14.1,0.0,0.0,25.0,10.3,0.0,0.0,0.0,-0.047,-5.2,-1.0,-6.2,0.0
109.0,Tyler Cook,SF,23.0,DET,28.0,421.0,13.2,0.667,0.02,0.35,7.1,17.6,12.3,5.6,0.9,0.4,14.8,14.1,0.5,0.3,0.8,0.096,-2.0,-0.8,-2.9,-0.1
110.0,DeMarcus Cousins,C,30.0,HOU,25.0,506.0,14.9,0.511,0.552,0.281,6.1,35.4,20.1,18.0,2.0,3.2,14.2,23.1,-0.1,0.8,0.7,0.062,-1.6,1.5,-0.1,0.2
110.0,DeMarcus Cousins,C,30.0,LAC,16.0,207.0,20.3,0.597,0.2,0.232,12.9,25.9,19.6,12.4,3.1,2.6,19.3,27.7,0.1,0.4,0.5,0.119,-0.2,1.9,1.7,0.2
111.0,Robert Covington,PF,30.0,POR,70.0,2243.0,11.2,0.553,0.699,0.122,2.8,19.8,11.1,6.8,2.2,3.4,10.7,11.5,1.4,2.4,3.7,0.08,-1.3,1.5,0.2,1.2
112.0,Torrey Craig,SF,30.0,MIL,18.0,201.0,10.3,0.48,0.478,0.043,7.1,15.1,11.2,9.5,2.1,3.1,9.6,10.8,0.1,0.3,0.4,0.097,-2.2,1.6,-0.6,0.1
112.0,Torrey Craig,SF,30.0,PHO,32.0,602.0,15.5,0.603,0.464,0.11,8.4,20.4,14.5,7.4,1.6,2.8,9.5,15.5,1.0,0.8,1.8,0.145,0.4,0.4,0.8,0.4
113.0,Jae Crowder,PF,30.0,PHO,60.0,1648.0,11.8,0.574,0.772,0.152,2.2,16.9,9.7,10.0,1.4,1.5,9.5,15.7,1.4,1.9,3.3,0.097,0.3,0.8,1.1,1.3
114.0,Jarrett Culver,SG,21.0,MIN,34.0,499.0,8.8,0.476,0.315,0.286,7.1,15.8,11.3,6.8,1.6,1.6,12.9,18.2,-0.4,0.3,-0.1,-0.006,-4.5,-1.1,-5.6,-0.5
115.0,Seth Curry,SG,30.0,PHI,57.0,1638.0,12.9,0.607,0.507,0.139,0.7,8.3,4.6,13.6,1.3,0.4,10.0,17.1,2.3,1.7,4.0,0.118,0.1,-0.4,-0.3,0.7
116.0,Stephen Curry,PG,32.0,GSW,63.0,2152.0,26.3,0.655,0.587,0.289,1.5,15.4,8.5,30.5,1.7,0.3,12.2,34.8,6.5,2.5,9.0,0.201,8.3,0.4,8.7,5.8
117.0,Nate Darling,SG,22.0,CHO,7.0,26.0,8.2,0.541,1.0,0.429,4.1,0.0,2.1,5.1,0.0,3.8,10.7,15.4,0.0,0.0,0.0,0.038,-1.5,-2.5,-4.0,0.0
118.0,Anthony Davis,PF,27.0,LAL,36.0,1162.0,22.1,0.556,0.163,0.349,6.0,21.5,13.8,16.4,1.9,4.5,9.5,29.2,1.3,2.4,3.7,0.152,2.6,2.2,4.8,2.0
119.0,Ed Davis,C,31.0,MIN,23.0,299.0,13.1,0.487,0.0,0.273,16.1,26.0,20.8,9.0,2.1,3.8,12.4,7.9,0.5,0.4,0.8,0.135,-3.3,1.1,-2.2,0.0
120.0,Terence Davis,SG,23.0,TOR,34.0,493.0,11.1,0.537,0.581,0.086,1.9,13.2,7.4,11.6,1.7,1.4,11.7,21.6,-0.2,0.4,0.3,0.026,-1.8,-0.8,-2.6,-0.1
120.0,Terence Davis,SG,23.0,SAC,27.0,581.0,14.0,0.57,0.589,0.15,2.1,14.9,8.4,11.3,2.2,1.0,11.5,21.9,0.2,0.3,0.6,0.047,-0.1,-0.9,-0.9,0.2
121.0,Gabriel Deck,PF,25.0,OKC,10.0,212.0,16.1,0.548,0.224,0.328,7.8,11.9,9.8,17.3,1.8,0.0,7.3,16.6,0.4,0.1,0.5,0.12,0.0,-0.4,-0.4,0.1
122.0,Dewayne Dedmon,C,31.0,MIA,16.0,210.0,24.5,0.735,0.077,0.415,15.5,31.0,23.4,9.6,2.1,3.0,14.5,19.3,0.7,0.4,1.1,0.256,1.2,0.5,1.7,0.2
123.0,Matthew Dellavedova,PG,30.0,CLE,13.0,224.0,7.3,0.312,0.446,0.071,2.9,9.2,6.0,35.3,0.9,0.4,9.4,12.4,-0.1,0.1,0.0,0.005,-4.5,-1.9,-6.4,-0.3
124.0,DeMar DeRozan,PF,31.0,SAS,61.0,2056.0,22.0,0.591,0.08,0.478,2.0,11.6,6.7,32.0,1.3,0.6,9.7,26.1,5.9,1.5,7.4,0.172,3.2,-0.1,3.1,2.6
125.0,Mamadi Diakite,PF,24.0,MIL,14.0,141.0,12.3,0.477,0.2,0.35,6.2,18.7,12.7,7.0,2.3,3.8,6.1,14.6,0.1,0.2,0.3,0.102,-3.3,0.9,-2.4,0.0
126.0,Hamidou Diallo,SG,22.0,OKC,32.0,761.0,15.0,0.536,0.138,0.444,5.0,17.7,11.3,16.4,1.9,1.4,12.1,22.5,0.3,0.8,1.0,0.065,-2.1,0.6,-1.5,0.1
126.0,Hamidou Diallo,SF,22.0,DET,20.0,465.0,13.1,0.549,0.237,0.393,5.2,20.6,12.8,8.3,1.1,2.2,11.7,21.6,0.1,0.5,0.6,0.059,-2.4,-0.8,-3.2,-0.1
127.0,Gorgui Dieng,C,31.0,MEM,22.0,371.0,19.2,0.682,0.444,0.398,7.9,20.2,14.0,10.6,2.2,3.4,14.8,17.0,0.9,0.6,1.5,0.19,1.8,1.6,3.3,0.5
127.0,Gorgui Dieng,C,31.0,SAS,16.0,181.0,19.0,0.648,0.4,0.436,6.9,18.0,12.3,15.0,2.4,0.9,13.2,18.2,0.4,0.2,0.7,0.175,2.0,1.5,3.5,0.2
128.0,Spencer Dinwiddie,SG,27.0,BRK,3.0,64.0,10.1,0.536,0.438,0.375,0.0,21.3,11.2,17.6,1.5,1.4,21.2,16.1,0.0,0.1,0.1,0.045,-2.4,2.6,0.2,0.0
129.0,Donte DiVincenzo,SG,24.0,MIL,66.0,1814.0,13.0,0.542,0.574,0.118,4.9,16.7,11.0,14.2,1.9,0.7,12.5,16.7,1.5,2.1,3.6,0.095,-0.2,0.4,0.3,1.0
130.0,Luka Dončić,PG,21.0,DAL,66.0,2262.0,25.3,0.587,0.406,0.349,2.7,22.9,12.8,44.1,1.4,1.5,15.3,36.0,5.1,2.6,7.7,0.163,6.1,0.7,6.8,5.1
131.0,Luguentz Dort,SG,21.0,OKC,52.0,1543.0,10.1,0.513,0.515,0.257,2.5,10.3,6.4,8.8,1.4,1.1,10.0,21.7,-0.6,1.0,0.3,0.011,-2.6,-0.9,-3.5,-0.6
132.0,Damyean Dotson,SG,26.0,CLE,46.0,907.0,8.1,0.499,0.543,0.123,0.6,11.1,5.7,15.1,0.9,0.4,12.0,16.9,-0.4,0.3,0.0,-0.002,-3.4,-1.4,-4.8,-0.6
133.0,Devon Dotson,PG,21.0,CHI,11.0,50.0,19.3,0.548,0.333,0.0,4.5,6.6,5.5,21.4,3.9,0.0,0.0,18.2,0.1,0.1,0.2,0.177,-0.1,2.2,2.1,0.1
134.0,Sekou Doumbouya,PF,20.0,DET,56.0,869.0,6.9,0.459,0.408,0.227,4.9,13.5,9.2,8.0,1.4,0.9,12.4,17.8,-0.9,0.7,-0.2,-0.012,-5.4,-1.3,-6.7,-1.0
135.0,PJ Dozier,SG,24.0,DEN,50.0,1088.0,10.4,0.501,0.42,0.186,3.7,15.3,9.5,11.2,1.4,2.0,10.7,17.2,0.1,1.1,1.1,0.051,-2.3,-0.4,-2.6,-0.2
136.0,Goran Dragić,PG,34.0,MIA,50.0,1337.0,13.0,0.552,0.44,0.22,2.2,12.1,7.2,25.9,1.2,0.6,16.2,24.5,0.2,1.2,1.3,0.048,-1.1,-1.3,-2.3,-0.1
137.0,Andre Drummond,C,27.0,CLE,25.0,722.0,20.5,0.5,0.021,0.339,15.3,37.5,26.1,16.2,2.7,3.6,15.6,31.3,-0.8,1.3,0.6,0.037,-1.0,0.2,-0.8,0.2
137.0,Andre Drummond,C,27.0,LAL,21.0,520.0,17.9,0.554,0.0,0.396,14.1,32.0,23.1,9.0,2.2,3.4,16.0,22.4,0.2,1.2,1.4,0.133,-2.7,1.0,-1.7,0.0
138.0,Jared Dudley,PF,35.0,LAL,12.0,81.0,4.4,0.333,0.667,0.0,5.6,23.5,14.6,7.6,0.6,1.1,18.2,5.9,0.0,0.1,0.1,0.053,-4.4,0.9,-3.5,0.0
139.0,Kris Dunn,PG,26.0,ATL,4.0,45.0,-5.7,0.182,0.167,0.333,0.0,14.3,7.3,5.4,2.2,3.9,17.9,16.2,-0.2,0.1,-0.2,-0.202,-13.7,-0.1,-13.7,-0.1
140.0,Kevin Durant,PF,32.0,BRK,35.0,1157.0,26.4,0.666,0.313,0.395,1.3,21.3,11.8,27.5,1.0,3.4,14.5,31.2,3.7,1.2,5.0,0.206,6.4,0.8,7.2,2.7
141.0,Anthony Edwards,SG,19.0,MIN,72.0,2314.0,13.9,0.523,0.429,0.225,2.7,13.5,7.9,14.6,1.7,1.3,10.7,27.0,-0.6,1.4,0.8,0.017,-0.4,-1.7,-2.1,-0.1
142.0,Carsen Edwards,SG,22.0,BOS,31.0,276.0,10.2,0.527,0.568,0.117,1.2,9.4,5.2,7.4,1.2,0.3,5.7,19.3,0.1,0.2,0.3,0.051,-3.2,-1.3,-4.5,-0.2
143.0,CJ Elleby,SF,20.0,POR,30.0,192.0,9.4,0.468,0.515,0.227,6.0,12.0,8.9,7.1,1.5,1.4,6.4,17.4,0.0,0.1,0.1,0.032,-4.0,-0.9,-4.9,-0.1
144.0,Henry Ellenson,PF,24.0,TOR,2.0,38.0,12.8,0.476,0.643,0.286,8.4,27.0,17.4,18.9,0.0,0.0,0.0,17.9,0.1,0.0,0.1,0.127,-1.7,-0.1,-1.8,0.0
145.0,Wayne Ellington,SG,33.0,DET,46.0,1012.0,12.2,0.625,0.814,0.104,1.3,8.1,4.7,10.2,0.9,0.8,8.5,16.7,1.3,0.5,1.9,0.088,1.1,-1.3,-0.2,0.5
146.0,Joel Embiid,C,26.0,PHI,51.0,1585.0,30.3,0.636,0.171,0.61,8.0,29.1,18.7,16.2,1.5,3.9,12.2,35.3,5.6,3.2,8.8,0.266,6.3,1.2,7.5,3.8
147.0,James Ennis III,SF,30.0,ORL,41.0,986.0,12.5,0.613,0.428,0.358,4.4,13.4,8.7,9.3,1.6,0.6,11.3,13.9,1.3,0.7,2.0,0.097,-1.9,-0.3,-2.2,-0.1
148.0,Drew Eubanks,C,23.0,SAS,54.0,755.0,17.9,0.618,0.01,0.517,10.2,24.0,17.0,7.9,1.2,5.5,15.2,17.1,1.2,1.1,2.3,0.145,-1.0,1.0,0.0,0.4
149.0,Dante Exum,SG,25.0,CLE,6.0,116.0,5.9,0.428,0.423,0.077,1.9,14.8,8.2,15.8,1.7,1.5,20.7,12.7,-0.2,0.1,-0.1,-0.025,-5.4,1.6,-3.8,-0.1
150.0,Tacko Fall,C,25.0,BOS,19.0,136.0,19.6,0.66,0.0,0.517,13.0,29.7,21.3,3.1,0.4,13.7,14.4,13.2,0.2,0.3,0.5,0.177,-1.7,2.9,1.2,0.1
151.0,Derrick Favors,C,29.0,UTA,68.0,1039.0,19.7,0.663,0.008,0.329,14.7,23.3,19.2,6.0,1.5,5.3,11.5,13.0,2.9,2.2,5.1,0.237,0.3,2.4,2.6,1.2
152.0,Cristiano Felício,C,28.0,CHI,18.0,84.0,14.7,0.574,0.154,1.231,13.3,20.9,17.2,13.6,2.3,0.0,16.6,12.4,0.2,0.1,0.3,0.151,-1.1,1.2,0.1,0.0
153.0,Terrance Ferguson,SG,22.0,PHI,13.0,49.0,-7.1,0.143,0.714,0.0,0.0,2.2,1.1,4.9,1.0,0.0,36.4,9.7,-0.2,0.0,-0.2,-0.161,-12.1,-2.2,-14.3,-0.2
154.0,Bruno Fernando,C,22.0,ATL,33.0,226.0,6.2,0.475,0.045,0.5,7.9,29.4,18.9,5.8,0.9,1.2,28.1,14.4,-0.3,0.3,-0.1,-0.019,-6.1,-0.4,-6.5,-0.3
155.0,Yogi Ferrell,PG,27.0,CLE,2.0,40.0,12.4,0.434,0.429,0.095,8.2,11.5,9.8,20.9,3.7,2.2,12.1,27.1,-0.1,0.1,0.0,-0.036,-1.9,1.0,-1.0,0.0
155.0,Yogi Ferrell,PG,27.0,LAC,8.0,96.0,15.3,0.473,0.528,0.194,2.4,11.4,7.0,23.7,2.1,1.9,0.0,18.0,0.2,0.1,0.3,0.154,0.0,0.7,0.7,0.1
156.0,Dorian Finney-Smith,PF,27.0,DAL,60.0,1921.0,12.0,0.609,0.648,0.088,5.7,13.0,9.3,7.2,1.3,1.2,9.0,12.2,2.8,1.6,4.4,0.11,0.2,0.0,0.1,1.0
157.0,Malik Fitts,PF,23.0,LAC,3.0,11.0,2.9,0.5,0.667,0.0,0.0,29.8,15.3,0.0,0.0,0.0,0.0,12.1,0.0,0.0,0.0,0.049,-7.0,-2.1,-9.1,0.0
158.0,Malachi Flynn,PG,22.0,TOR,47.0,928.0,10.9,0.484,0.494,0.165,1.1,13.0,6.9,21.4,2.0,0.8,10.5,19.0,0.0,0.8,0.8,0.041,-2.5,-0.2,-2.6,-0.1
159.0,Bryn Forbes,SG,27.0,MIL,70.0,1354.0,12.8,0.631,0.645,0.115,0.9,7.6,4.3,4.5,0.8,0.1,7.3,18.5,2.0,0.7,2.7,0.096,0.4,-1.7,-1.3,0.2
160.0,Trent Forrest,PG,22.0,UTA,30.0,302.0,11.2,0.554,0.366,0.268,4.0,11.1,7.7,19.9,1.5,1.1,20.9,14.3,0.3,0.4,0.7,0.106,-2.5,1.2,-1.3,0.1
161.0,Evan Fournier,SF,28.0,ORL,26.0,787.0,18.2,0.604,0.509,0.333,0.6,9.5,4.9,20.9,1.7,1.0,11.3,26.2,1.2,0.5,1.7,0.104,2.3,-0.6,1.7,0.7
161.0,Evan Fournier,SG,28.0,BOS,16.0,472.0,14.1,0.584,0.552,0.081,1.2,11.4,6.3,14.9,2.1,2.0,9.6,18.0,0.6,0.5,1.1,0.111,0.1,0.1,0.2,0.3
162.0,De'Aaron Fox,PG,23.0,SAC,58.0,2036.0,20.7,0.565,0.288,0.376,1.8,9.4,5.5,32.7,2.1,1.1,11.9,31.0,3.4,0.8,4.2,0.098,3.1,-1.3,1.8,2.0
163.0,Robert Franks,PF,24.0,ORL,7.0,101.0,16.5,0.638,0.536,0.464,6.0,8.5,7.2,7.4,1.4,2.7,5.6,15.3,0.3,0.1,0.3,0.158,0.7,-0.8,-0.2,0.0
164.0,Tim Frazier,PG,30.0,MEM,5.0,62.0,-0.5,0.177,0.4,0.3,0.0,13.8,6.8,30.8,1.5,1.5,15.0,18.1,-0.3,0.1,-0.2,-0.169,-10.7,-1.2,-11.9,-0.2
165.0,Enes Freedom,C,28.0,POR,72.0,1758.0,22.4,0.636,0.007,0.292,16.8,31.9,24.2,7.2,0.9,2.4,11.0,17.4,5.7,1.7,7.5,0.204,2.1,-1.4,0.6,1.2
166.0,Markelle Fultz,PG,22.0,ORL,8.0,215.0,12.0,0.458,0.154,0.183,2.3,10.0,6.0,33.1,1.8,0.8,13.8,26.2,-0.3,0.1,-0.1,-0.024,-3.6,-0.9,-4.4,-0.1
167.0,Wenyen Gabriel,PF,23.0,NOP,21.0,241.0,9.8,0.533,0.533,0.283,9.0,15.3,12.2,5.9,1.8,3.1,18.2,14.4,0.0,0.3,0.3,0.052,-3.2,-0.1,-3.3,-0.1
168.0,Daniel Gafford,PF,22.0,CHI,31.0,383.0,18.8,0.7,0.0,0.471,12.9,16.9,14.9,6.2,1.4,7.7,17.3,14.4,0.8,0.6,1.5,0.182,-1.3,1.6,0.3,0.2
168.0,Daniel Gafford,C,22.0,WAS,23.0,408.0,25.4,0.696,0.0,0.486,13.0,20.2,16.6,4.4,1.7,8.4,10.2,18.9,1.3,0.7,2.0,0.235,2.5,1.6,4.0,0.6
169.0,Danilo Gallinari,PF,32.0,ATL,51.0,1222.0,16.3,0.613,0.535,0.366,1.6,17.0,9.5,9.2,1.2,0.7,7.2,21.2,2.7,1.0,3.7,0.146,1.7,-0.6,1.1,1.0
170.0,Langston Galloway,SG,29.0,PHO,40.0,438.0,12.1,0.605,0.578,0.156,1.8,8.9,5.4,8.0,0.9,0.0,7.6,17.3,0.6,0.3,0.9,0.096,-0.1,-0.8,-0.9,0.1
171.0,Darius Garland,PG,21.0,CLE,54.0,1790.0,14.2,0.547,0.332,0.165,1.4,6.8,4.0,30.9,1.8,0.3,16.0,24.9,0.3,0.9,1.2,0.033,0.0,-2.1,-2.1,-0.1
172.0,Marc Gasol,C,36.0,LAL,52.0,993.0,12.2,0.606,0.629,0.258,4.3,19.9,12.2,14.7,1.3,5.2,19.7,11.8,0.8,1.9,2.8,0.133,-1.4,3.7,2.3,1.1
173.0,Rudy Gay,PF,34.0,SAS,63.0,1358.0,14.7,0.532,0.443,0.162,3.2,20.9,11.9,9.7,1.6,2.5,8.8,23.6,0.0,1.7,1.7,0.059,-0.1,0.0,-0.1,0.6
174.0,Paul George,SF,30.0,LAC,54.0,1821.0,20.5,0.598,0.437,0.239,2.9,18.9,11.1,24.6,1.7,1.2,14.5,30.0,3.0,2.3,5.3,0.139,3.9,0.3,4.2,2.9
175.0,Taj Gibson,C,35.0,NYK,45.0,936.0,16.0,0.661,0.095,0.348,11.6,17.3,14.5,5.4,1.7,5.0,10.8,9.7,2.1,1.7,3.8,0.195,-0.7,2.1,1.3,0.8
176.0,Harry Giles,C,22.0,POR,38.0,348.0,12.4,0.496,0.237,0.278,9.3,32.2,20.4,11.3,1.1,3.3,15.5,15.9,0.1,0.4,0.5,0.069,-3.2,0.2,-2.9,-0.1
177.0,Shai Gilgeous-Alexander,SG,22.0,OKC,35.0,1180.0,21.6,0.623,0.301,0.405,1.7,13.1,7.3,31.2,1.1,1.7,13.7,27.8,2.7,0.8,3.5,0.143,3.9,0.2,4.1,1.8
178.0,Anthony Gill,PF,28.0,WAS,26.0,218.0,13.7,0.597,0.4,0.267,7.8,17.0,12.4,6.7,2.1,1.5,10.7,14.2,0.3,0.3,0.6,0.123,-1.6,0.3,-1.3,0.0
179.0,Freddie Gillespie,PF,23.0,TOR,20.0,392.0,13.4,0.563,0.0,0.393,11.4,16.0,13.6,3.2,1.6,5.1,10.9,12.2,0.5,0.5,0.9,0.116,-3.1,-0.1,-3.2,-0.1
180.0,Rudy Gobert,C,28.0,UTA,71.0,2187.0,23.5,0.683,0.007,0.646,12.2,33.5,23.3,6.0,0.9,7.0,13.7,17.0,6.1,5.2,11.3,0.248,2.1,2.8,4.9,3.8
181.0,Brandon Goodwin,PG,25.0,ATL,47.0,620.0,9.2,0.471,0.462,0.193,1.4,10.6,6.1,21.6,1.3,0.0,13.0,19.5,-0.2,0.4,0.2,0.013,-2.5,-0.6,-3.1,-0.2
182.0,Aaron Gordon,PF,25.0,ORL,25.0,736.0,14.9,0.537,0.382,0.358,5.3,18.5,11.7,23.0,1.1,2.5,16.5,23.8,0.0,0.6,0.6,0.037,0.5,0.1,0.6,0.5
182.0,Aaron Gordon,PF,25.0,DEN,25.0,648.0,14.1,0.564,0.311,0.214,6.7,13.9,10.3,11.8,1.3,2.1,11.7,17.2,0.7,0.6,1.3,0.099,-0.1,-0.3,-0.4,0.3
183.0,Eric Gordon,SG,32.0,HOU,27.0,789.0,14.4,0.577,0.572,0.311,1.0,7.1,3.9,14.6,0.8,1.5,10.9,25.2,0.6,0.2,0.8,0.048,0.7,-1.7,-1.1,0.2
184.0,Devonte' Graham,PG,25.0,CHO,55.0,1659.0,14.6,0.552,0.713,0.236,1.4,8.4,4.8,26.3,1.4,0.4,10.2,21.4,2.5,0.9,3.4,0.099,1.8,-1.1,0.7,1.1
185.0,Jerami Grant,SF,26.0,DET,54.0,1829.0,16.9,0.556,0.353,0.368,2.1,13.2,7.6,14.3,0.9,2.8,9.1,28.5,1.6,1.6,3.2,0.083,1.9,-0.8,1.1,1.4
186.0,Danny Green,SF,33.0,PHI,69.0,1934.0,12.1,0.582,0.794,0.074,3.2,11.5,7.4,8.3,2.3,2.6,10.7,14.0,1.6,3.1,4.6,0.115,0.4,1.5,1.9,1.9
187.0,Draymond Green,PF,30.0,GSW,63.0,1982.0,13.3,0.53,0.332,0.232,3.0,20.9,12.1,36.4,2.5,2.3,31.0,13.1,1.2,3.4,4.6,0.112,-1.6,3.3,1.7,1.9
188.0,JaMychal Green,PF,30.0,DEN,58.0,1120.0,13.6,0.59,0.529,0.152,8.6,19.4,14.0,6.4,1.1,1.9,11.7,17.6,1.4,1.2,2.6,0.11,-0.5,-1.0,-1.5,0.1
189.0,Javonte Green,SF,27.0,BOS,25.0,345.0,11.8,0.624,0.31,0.423,6.4,10.4,8.4,4.3,2.5,0.5,13.4,12.1,0.4,0.3,0.8,0.105,-1.7,1.3,-0.5,0.1
189.0,Javonte Green,SG,27.0,CHI,16.0,128.0,13.1,0.579,0.258,0.323,5.3,11.1,8.2,6.1,3.8,2.7,14.5,14.0,0.1,0.2,0.3,0.114,-3.4,2.8,-0.6,0.0
190.0,Jeff Green,C,34.0,BRK,68.0,1835.0,13.0,0.624,0.472,0.304,2.2,13.1,7.9,7.8,0.9,1.3,8.2,15.6,2.9,1.2,4.1,0.107,0.0,-0.9,-0.8,0.6
191.0,Josh Green,SG,20.0,DAL,39.0,445.0,8.8,0.49,0.269,0.247,7.0,12.3,9.7,8.3,1.8,0.6,14.2,11.9,0.1,0.4,0.5,0.05,-3.7,0.1,-3.6,-0.2
192.0,Blake Griffin,PF,31.0,DET,20.0,626.0,9.8,0.491,0.559,0.279,1.2,17.4,9.2,18.4,1.1,0.3,11.4,19.6,-0.2,0.5,0.3,0.026,-1.9,-0.3,-2.2,-0.1
192.0,Blake Griffin,PF,31.0,BRK,26.0,560.0,16.3,0.61,0.429,0.291,5.8,17.5,11.9,15.5,1.6,2.0,12.3,18.9,1.1,0.6,1.7,0.142,0.5,0.3,0.8,0.4
193.0,Kyle Guy,PG,23.0,SAC,31.0,235.0,8.5,0.449,0.523,0.227,2.3,14.4,8.3,17.9,1.2,0.0,10.2,19.7,-0.1,0.1,-0.1,-0.015,-3.7,-2.1,-5.8,-0.2
194.0,Rui Hachimura,PF,22.0,WAS,57.0,1797.0,11.4,0.549,0.211,0.248,2.9,15.5,9.2,6.3,1.1,0.3,8.6,18.1,0.7,1.4,2.1,0.056,-2.2,-1.0,-3.1,-0.5
195.0,Ashton Hagans,PG,21.0,MIN,2.0,4.0,-12.4,0.0,0.0,0.0,0.0,0.0,0.0,0.0,0.0,0.0,100.0,10.5,0.0,0.0,0.0,-0.353,-13.7,-7.4,-21.1,0.0
196.0,Tyrese Haliburton,PG,20.0,SAC,58.0,1746.0,16.2,0.585,0.478,0.09,2.4,8.6,5.5,24.6,2.1,1.4,12.5,18.1,2.8,0.7,3.5,0.096,1.9,-0.5,1.4,1.5
197.0,Donta Hall,PF,23.0,ORL,13.0,179.0,22.3,0.731,0.0,0.971,13.5,22.8,18.0,9.4,1.4,5.1,13.8,14.0,0.6,0.2,0.8,0.223,0.9,0.6,1.6,0.2
198.0,Josh Hall,SF,20.0,OKC,21.0,336.0,1.0,0.363,0.374,0.444,1.8,16.6,9.1,11.6,0.6,0.3,17.4,18.1,-1.1,0.2,-0.9,-0.126,-9.7,-2.2,-11.9,-0.8
199.0,R.J. Hampton,PG,19.0,DEN,25.0,233.0,7.7,0.49,0.3,0.2,4.9,19.4,12.2,7.7,1.1,0.8,14.4,14.3,-0.1,0.2,0.1,0.03,-4.5,-0.9,-5.4,-0.2
199.0,R.J. Hampton,SG,19.0,ORL,26.0,655.0,12.3,0.511,0.273,0.277,2.9,18.0,10.2,17.8,1.2,1.1,12.9,21.5,-0.2,0.5,0.2,0.018,-2.0,-1.3,-3.3,-0.2
200.0,Tim Hardaway Jr.,SG,28.0,DAL,70.0,1985.0,15.7,0.589,0.581,0.191,1.1,11.5,6.4,9.8,0.8,0.5,6.1,23.4,3.2,1.2,4.3,0.105,2.0,-1.7,0.4,1.2
201.0,James Harden,SG,31.0,HOU,8.0,290.0,22.4,0.613,0.533,0.444,1.8,13.8,7.5,46.9,1.1,1.8,17.4,28.7,0.8,0.2,1.0,0.159,5.5,-0.5,5.0,0.5
201.0,James Harden,PG,31.0,BRK,36.0,1319.0,25.0,0.619,0.437,0.439,2.6,22.1,12.9,43.8,1.7,1.8,16.7,28.4,4.5,1.5,6.0,0.219,6.4,1.3,7.7,3.2
202.0,Maurice Harkless,SF,27.0,MIA,11.0,124.0,4.6,0.54,0.846,0.154,1.9,10.0,6.0,7.3,0.8,3.4,17.8,6.1,0.0,0.1,0.1,0.046,-3.5,0.7,-2.8,0.0
202.0,Maurice Harkless,PF,27.0,SAC,26.0,648.0,8.8,0.526,0.48,0.27,1.9,11.3,6.5,7.3,2.1,2.1,10.1,12.6,0.1,0.3,0.5,0.036,-3.8,0.0,-3.8,-0.3
203.0,Jared Harper,PG,23.0,NYK,8.0,16.0,-10.8,0.26,0.25,1.0,0.0,13.4,6.8,7.7,0.0,0.0,34.2,24.4,-0.1,0.0,-0.1,-0.365,-16.6,-5.5,-22.1,-0.1
204.0,Montrezl Harrell,C,27.0,LAL,69.0,1580.0,22.7,0.65,0.017,0.425,11.3,19.1,15.2,7.7,1.4,2.8,9.4,21.7,4.5,2.7,7.3,0.221,2.3,0.7,3.0,2.0
205.0,Gary Harris,SG,26.0,DEN,19.0,581.0,9.3,0.544,0.481,0.192,2.5,6.6,4.6,7.1,1.4,0.7,7.6,13.8,0.4,0.4,0.8,0.065,-2.2,-0.6,-2.8,-0.1
205.0,Gary Harris,SG,26.0,ORL,20.0,499.0,9.0,0.485,0.349,0.254,1.6,5.2,3.3,14.0,1.1,1.3,9.9,20.2,-0.2,0.2,0.0,-0.005,-3.6,-2.2,-5.8,-0.5
206.0,Jalen Harris,SG,22.0,TOR,13.0,172.0,15.2,0.632,0.5,0.125,1.9,9.9,5.8,16.0,2.3,0.0,15.6,22.6,0.1,0.1,0.3,0.079,0.5,-0.3,0.3,0.1
207.0,Joe Harris,SF,29.0,BRK,69.0,2141.0,14.1,0.663,0.628,0.089,2.3,10.1,6.4,8.4,1.0,0.6,7.8,16.2,4.1,1.1,5.2,0.117,1.5,-1.2,0.4,1.3
208.0,Tobias Harris,PF,28.0,PHI,62.0,2014.0,20.0,0.597,0.225,0.221,3.5,19.2,11.4,17.6,1.3,2.3,9.5,23.9,4.1,3.1,7.1,0.17,2.9,0.8,3.7,2.9
209.0,Shaquille Harrison,SG,27.0,UTA,17.0,56.0,6.5,0.375,0.1,0.3,5.9,10.9,8.5,21.5,1.7,0.0,18.1,21.3,-0.1,0.1,0.0,-0.033,-6.4,-0.3,-6.7,-0.1
209.0,Shaquille Harrison,SG,27.0,DEN,17.0,277.0,6.9,0.431,0.241,0.276,1.6,14.3,8.0,7.1,2.7,1.8,8.4,11.2,-0.1,0.4,0.2,0.042,-5.4,1.8,-3.6,-0.1
210.0,Josh Hart,SF,25.0,NOP,47.0,1349.0,12.2,0.566,0.561,0.259,4.3,26.1,15.2,10.6,1.4,0.8,11.3,13.5,1.4,1.3,2.7,0.097,-1.1,0.3,-0.8,0.4
211.0,Isaiah Hartenstein,C,22.0,DEN,30.0,272.0,15.5,0.543,0.0,0.45,16.7,18.7,17.7,7.5,2.0,7.2,18.0,18.7,0.2,0.5,0.7,0.115,-4.3,0.6,-3.7,-0.1
211.0,Isaiah Hartenstein,C,22.0,CLE,16.0,287.0,20.3,0.62,0.066,0.385,9.5,28.4,18.7,22.8,1.4,5.9,17.8,19.6,0.5,0.4,0.9,0.151,-0.6,2.3,1.7,0.3
212.0,Udonis Haslem,C,40.0,MIA,1.0,3.0,54.6,1.0,0.0,0.0,0.0,37.5,19.1,0.0,0.0,0.0,0.0,30.1,0.0,0.0,0.0,0.475,24.1,7.0,31.1,0.0
213.0,Jaxson Hayes,C,20.0,NOP,60.0,964.0,19.1,0.675,0.05,0.429,10.4,18.6,14.5,5.2,1.2,3.7,10.5,16.2,2.6,1.0,3.5,0.176,0.6,0.0,0.6,0.6
214.0,Killian Hayes,PG,19.0,DET,26.0,670.0,5.3,0.422,0.358,0.085,1.0,10.6,5.7,29.7,2.0,1.3,28.5,19.0,-1.8,0.6,-1.1,-0.081,-6.3,-0.9,-7.2,-0.9
215.0,Gordon Hayward,SF,30.0,CHO,44.0,1496.0,17.6,0.584,0.312,0.281,2.6,16.3,9.3,19.5,1.7,0.9,11.0,23.9,2.2,1.4,3.5,0.114,1.6,-0.1,1.6,1.4
216.0,Juancho Hernangómez,PF,25.0,MIN,52.0,900.0,12.1,0.549,0.562,0.324,5.2,20.0,12.3,5.6,1.0,0.7,7.3,17.2,0.6,0.5,1.1,0.06,-1.1,-1.8,-2.9,-0.2
217.0,Willy Hernangómez,C,26.0,NOP,47.0,846.0,19.6,0.591,0.037,0.347,15.0,27.8,21.4,8.5,1.2,2.6,9.9,17.0,1.9,1.0,2.9,0.163,1.0,-1.0,0.0,0.4
218.0,Tyler Herro,SG,21.0,MIA,54.0,1635.0,13.3,0.543,0.425,0.167,1.8,16.7,9.4,18.0,1.1,1.1,11.9,23.5,0.1,1.6,1.7,0.049,-0.3,-1.0,-1.3,0.3
219.0,Buddy Hield,SG,28.0,SAC,71.0,2433.0,12.8,0.567,0.727,0.105,1.3,14.1,7.6,14.7,1.2,1.0,11.1,20.7,1.5,0.7,2.2,0.044,1.0,-1.6,-0.6,0.9
220.0,George Hill,PG,34.0,OKC,14.0,369.0,15.9,0.63,0.475,0.208,2.2,6.0,4.1,18.2,1.5,0.5,8.4,16.5,0.8,0.2,1.0,0.129,0.9,0.1,1.0,0.3
220.0,George Hill,PG,34.0,PHI,16.0,303.0,9.7,0.545,0.299,0.325,3.0,8.6,5.8,13.3,1.8,0.9,17.8,15.2,0.0,0.4,0.4,0.065,-3.3,-0.5,-3.9,-0.1
221.0,Solomon Hill,PF,29.0,ATL,71.0,1513.0,6.7,0.498,0.711,0.154,3.1,12.2,7.7,6.4,1.6,0.6,11.7,10.4,0.1,1.2,1.3,0.04,-3.0,0.5,-2.5,-0.2
222.0,Nate Hinton,SG,21.0,DAL,21.0,93.0,10.4,0.442,0.452,0.238,1.2,9.4,5.3,12.4,3.7,2.0,9.7,24.4,-0.2,0.1,0.0,-0.015,-4.5,1.0,-3.4,0.0
223.0,Jaylen Hoard,SF,21.0,OKC,19.0,320.0,13.4,0.547,0.125,0.466,6.7,14.5,10.6,11.2,1.9,1.4,13.8,16.3,0.2,0.3,0.5,0.07,-2.2,-0.3,-2.5,0.0
224.0,Aaron Holiday,PG,24.0,IND,66.0,1176.0,9.2,0.503,0.417,0.19,1.4,6.8,4.1,14.0,1.8,0.9,12.3,19.5,-0.6,0.8,0.2,0.009,-3.3,-0.9,-4.2,-0.7
225.0,Jrue Holiday,PG,30.0,MIL,59.0,1907.0,20.0,0.592,0.344,0.165,4.2,10.4,7.4,26.3,2.4,1.7,12.6,22.2,4.3,2.2,6.6,0.165,2.8,0.6,3.4,2.6
226.0,Justin Holiday,SG,31.0,IND,72.0,2183.0,10.4,0.571,0.725,0.136,1.6,11.1,6.4,7.0,1.6,1.5,7.5,14.0,1.4,1.8,3.1,0.069,-0.9,-0.1,-1.0,0.6
227.0,Rondae Hollis-Jefferson,PF,26.0,POR,11.0,107.0,14.4,0.539,0.056,0.889,10.7,15.4,13.0,15.7,0.9,3.4,7.4,10.9,0.3,0.1,0.3,0.147,-1.1,1.2,0.1,0.1
228.0,Richaun Holmes,C,27.0,SAC,61.0,1782.0,20.2,0.669,0.019,0.296,8.8,22.7,15.7,8.3,1.1,4.6,10.3,17.5,4.7,1.4,6.1,0.165,0.6,0.0,0.6,1.2
229.0,Rodney Hood,SF,28.0,POR,38.0,726.0,5.0,0.436,0.418,0.06,2.6,8.3,5.4,8.5,1.3,0.5,13.1,14.1,-0.7,0.2,-0.5,-0.034,-5.3,-1.5,-6.8,-0.9
229.0,Rodney Hood,SF,28.0,TOR,17.0,216.0,7.5,0.5,0.492,0.271,2.5,13.2,7.6,3.8,0.9,1.4,7.0,14.2,0.0,0.1,0.1,0.029,-3.6,-1.4,-4.9,-0.2
230.0,Al Horford,C,34.0,OKC,28.0,782.0,17.4,0.538,0.422,0.061,3.8,21.4,12.5,20.1,1.5,2.9,7.3,21.6,0.8,0.9,1.6,0.101,2.0,1.4,3.4,1.1
231.0,Talen Horton-Tucker,SG,20.0,LAL,65.0,1304.0,12.9,0.536,0.268,0.264,2.2,12.3,7.3,20.8,2.4,1.4,16.1,21.7,-0.1,2.2,2.1,0.078,-2.6,1.5,-1.2,0.3
232.0,Danuel House Jr.,SF,27.0,HOU,36.0,932.0,9.1,0.525,0.574,0.232,2.0,13.6,7.5,10.6,1.0,1.5,10.7,15.3,0.0,0.5,0.5,0.026,-2.8,-0.7,-3.5,-0.3
233.0,Dwight Howard,C,35.0,PHI,69.0,1196.0,17.8,0.61,0.066,0.693,17.8,35.3,26.7,7.2,1.2,4.7,22.1,18.2,1.3,2.6,4.0,0.159,-2.1,0.6,-1.5,0.1
234.0,Markus Howard,SG,21.0,DEN,37.0,205.0,6.4,0.477,0.613,0.085,0.6,11.0,5.8,12.6,1.0,0.5,14.1,27.2,-0.4,0.1,-0.3,-0.068,-5.5,-3.2,-8.7,-0.3
235.0,Kevin Huerter,SG,22.0,ATL,69.0,2126.0,12.2,0.541,0.528,0.088,2.0,9.7,6.0,16.3,1.9,0.7,9.4,17.2,1.9,1.7,3.6,0.08,-0.6,0.4,-0.3,1.0
236.0,Elijah Hughes,SF,22.0,UTA,18.0,64.0,8.4,0.488,0.767,0.133,1.7,12.7,7.5,13.4,0.8,1.3,15.9,25.4,-0.1,0.1,0.0,-0.013,-1.4,-1.3,-2.8,0.0
237.0,De'Andre Hunter,SF,23.0,ATL,23.0,678.0,15.7,0.603,0.383,0.343,2.8,14.7,8.9,9.7,1.4,1.6,9.2,20.2,1.2,0.6,1.7,0.123,0.6,0.6,1.2,0.5
238.0,Chandler Hutchison,SF,24.0,CHI,7.0,64.0,0.4,0.344,0.167,0.111,1.8,32.6,17.3,7.9,0.8,0.0,20.9,16.2,-0.2,0.1,-0.1,-0.103,-9.3,-0.7,-10.0,-0.1
238.0,Chandler Hutchison,SF,24.0,WAS,18.0,282.0,8.2,0.494,0.224,0.271,1.9,19.9,10.9,6.0,1.8,1.5,13.6,16.2,-0.2,0.3,0.1,0.014,-4.9,0.3,-4.5,-0.2
239.0,Serge Ibaka,C,31.0,LAC,41.0,955.0,18.2,0.585,0.315,0.145,8.9,23.1,16.2,11.5,0.5,4.4,10.2,20.1,1.7,1.3,3.0,0.15,1.2,0.2,1.4,0.8
240.0,Andre Iguodala,SF,37.0,MIA,63.0,1339.0,9.2,0.519,0.734,0.153,3.3,15.4,9.4,14.3,2.1,2.7,20.2,11.2,-0.1,1.8,1.7,0.062,-2.2,1.8,-0.4,0.5
241.0,Ersan İlyasova,PF,33.0,UTA,17.0,148.0,12.1,0.578,0.759,0.093,5.3,15.1,10.4,3.8,3.3,1.6,12.5,18.7,0.1,0.3,0.4,0.122,-2.5,1.7,-0.9,0.0
242.0,Joe Ingles,SF,33.0,UTA,67.0,1867.0,15.9,0.672,0.722,0.16,1.6,11.8,6.9,24.0,1.2,0.5,16.3,16.6,4.7,2.3,7.0,0.18,2.6,0.9,3.5,2.6
243.0,Brandon Ingram,SF,23.0,NOP,61.0,2093.0,19.2,0.584,0.341,0.291,1.8,13.7,7.8,22.4,1.0,1.6,11.0,28.0,3.9,1.3,5.3,0.12,3.3,-1.1,2.2,2.2
244.0,Kyrie Irving,PG,28.0,BRK,54.0,1886.0,24.4,0.614,0.348,0.201,3.2,11.4,7.5,28.6,1.9,1.7,9.9,30.4,5.8,1.6,7.4,0.189,5.7,-0.2,5.5,3.6
245.0,Wes Iwundu,SF,26.0,DAL,23.0,288.0,4.9,0.421,0.442,0.269,2.3,14.4,8.4,4.4,1.5,1.0,9.4,9.9,-0.2,0.3,0.1,0.015,-5.5,0.5,-4.9,-0.2
245.0,Wes Iwundu,SF,26.0,NOP,18.0,251.0,3.7,0.435,0.36,0.34,3.9,16.0,9.9,3.9,1.1,0.4,18.4,11.8,-0.3,0.2,-0.1,-0.025,-6.8,-1.2,-7.9,-0.4
246.0,Frank Jackson,PG,22.0,DET,40.0,738.0,13.2,0.598,0.512,0.256,2.2,10.8,6.5,7.9,1.0,0.1,9.4,21.3,0.7,0.4,1.2,0.076,-0.1,-1.6,-1.7,0.1
247.0,Jaren Jackson Jr.,C,21.0,MEM,11.0,258.0,18.0,0.551,0.48,0.336,6.9,18.7,12.7,6.8,2.2,6.3,9.5,25.9,0.2,0.5,0.7,0.123,-0.7,0.7,0.1,0.1
248.0,Josh Jackson,SG,23.0,DET,62.0,1560.0,12.0,0.516,0.364,0.308,4.0,14.2,9.1,15.1,1.7,2.6,15.0,26.5,-1.6,1.7,0.1,0.004,-2.5,-0.5,-3.0,-0.4
249.0,Justin Jackson,SF,25.0,OKC,33.0,544.0,10.7,0.519,0.524,0.165,2.6,11.0,6.8,14.5,1.3,0.3,12.0,20.2,-0.1,0.3,0.2,0.019,-2.3,-1.0,-3.2,-0.2
249.0,Justin Jackson,SF,25.0,MIL,1.0,33.0,5.8,0.455,0.667,0.222,6.6,12.3,9.6,3.6,0.0,0.0,9.2,13.8,0.0,0.0,0.0,0.006,-3.2,-4.8,-8.0,0.0
250.0,Reggie Jackson,SG,30.0,LAC,67.0,1544.0,14.2,0.576,0.482,0.14,1.8,11.9,7.0,19.0,1.3,0.4,10.6,19.9,2.3,1.4,3.7,0.115,0.6,-0.2,0.4,0.9
251.0,Justin James,SF,24.0,SAC,36.0,310.0,11.3,0.548,0.342,0.324,3.2,7.6,5.4,9.9,1.2,0.8,10.6,19.7,0.1,0.0,0.1,0.02,-2.0,-2.3,-4.3,-0.2
252.0,LeBron James,PG,36.0,LAL,45.0,1504.0,24.2,0.602,0.346,0.31,2.2,23.6,12.9,41.8,1.6,1.5,15.2,31.9,3.0,2.6,5.6,0.179,5.9,2.3,8.1,3.8
253.0,Mike James,PG,30.0,BRK,13.0,236.0,11.9,0.481,0.337,0.293,1.5,12.9,7.5,30.6,1.2,0.4,16.1,22.9,0.0,0.1,0.1,0.028,-2.1,-2.3,-4.4,-0.1
254.0,DaQuan Jeffries,SG,23.0,SAC,18.0,232.0,7.2,0.524,0.491,0.123,4.2,9.7,6.9,3.3,1.4,1.5,11.8,12.6,0.0,0.1,0.0,0.008,-3.7,-1.6,-5.3,-0.2
254.0,DaQuan Jeffries,SG,23.0,HOU,13.0,261.0,8.5,0.504,0.619,0.016,3.9,13.6,8.6,8.6,1.5,2.1,8.6,11.3,0.1,0.2,0.2,0.043,-3.5,-0.6,-4.2,-0.1
255.0,Ty Jerome,SG,23.0,OKC,33.0,788.0,13.4,0.585,0.585,0.118,1.3,10.8,6.0,23.7,1.2,0.7,13.5,18.8,0.9,0.4,1.3,0.079,0.1,-0.8,-0.7,0.3
256.0,Isaiah Joe,SG,21.0,PHI,41.0,383.0,9.5,0.533,0.797,0.18,1.8,8.5,5.2,7.2,1.5,0.9,7.1,17.4,0.2,0.4,0.6,0.078,-2.0,-1.0,-3.0,-0.1
257.0,Alize Johnson,PF,24.0,BRK,18.0,189.0,23.5,0.638,0.088,0.191,16.6,35.0,26.3,10.9,1.3,2.3,10.9,19.1,0.6,0.3,0.9,0.227,2.7,0.0,2.7,0.2
258.0,Cameron Johnson,PF,24.0,PHO,60.0,1437.0,11.8,0.563,0.694,0.122,2.6,12.9,7.9,8.0,1.3,1.0,7.3,17.0,1.2,1.4,2.6,0.086,0.0,-0.2,-0.2,0.7
259.0,James Johnson,PF,33.0,DAL,29.0,504.0,12.2,0.526,0.414,0.2,3.1,15.6,9.4,13.7,2.3,4.2,14.6,16.2,0.0,0.7,0.8,0.073,-2.0,2.5,0.5,0.3
259.0,James Johnson,PF,33.0,NOP,22.0,539.0,10.6,0.498,0.33,0.258,3.6,14.7,9.2,12.2,1.6,3.3,12.1,18.0,-0.1,0.5,0.4,0.039,-3.3,0.5,-2.7,-0.1
260.0,Keldon Johnson,SF,21.0,SAS,69.0,1968.0,13.8,0.557,0.257,0.278,4.9,17.6,11.1,8.9,1.0,1.0,9.0,19.2,1.6,1.7,3.3,0.079,-0.9,-0.7,-1.6,0.2
261.0,Stanley Johnson,PF,24.0,TOR,61.0,1006.0,8.8,0.519,0.588,0.236,3.1,14.1,8.4,12.0,2.5,1.8,17.4,13.4,-0.1,1.1,1.0,0.048,-3.8,1.2,-2.5,-0.1
262.0,Tyler Johnson,SG,28.0,BRK,39.0,684.0,8.2,0.546,0.721,0.115,1.0,10.9,6.2,8.7,1.0,0.0,8.1,13.3,0.4,0.3,0.7,0.049,-2.4,-1.0,-3.4,-0.2
263.0,Nikola Jokić,C,25.0,DEN,72.0,2488.0,31.3,0.647,0.183,0.305,9.4,26.1,17.8,40.4,1.9,1.9,13.1,29.6,12.2,3.4,15.6,0.301,9.1,3.0,12.1,8.8
264.0,Damian Jones,C,25.0,PHO,14.0,94.0,6.7,0.528,0.063,0.688,8.6,13.0,10.9,5.3,0.5,4.8,22.4,12.7,0.0,0.1,0.1,0.043,-7.0,1.1,-5.9,-0.1
264.0,Damian Jones,C,25.0,LAL,8.0,112.0,17.1,0.965,0.0,0.706,8.1,18.0,13.0,1.3,0.4,5.6,18.3,10.6,0.4,0.2,0.5,0.235,-2.0,1.8,-0.2,0.1
264.0,Damian Jones,C,25.0,SAC,17.0,341.0,15.9,0.691,0.057,0.5,6.7,18.5,12.5,9.4,1.3,4.2,14.9,12.7,0.7,0.2,0.9,0.132,-1.0,0.3,-0.6,0.1
265.0,Derrick Jones Jr.,SF,23.0,POR,58.0,1318.0,11.9,0.576,0.447,0.299,6.1,10.7,8.3,4.8,1.4,3.7,8.5,12.3,1.6,0.8,2.4,0.089,-1.4,0.0,-1.4,0.2
266.0,Mason Jones,SG,22.0,HOU,26.0,307.0,11.1,0.546,0.561,0.5,1.3,17.0,8.9,19.1,0.9,0.3,16.8,23.1,-0.1,0.1,0.0,0.007,-1.9,-1.4,-3.3,-0.1
266.0,Mason Jones,SG,22.0,PHI,6.0,27.0,23.5,0.662,0.222,0.778,12.5,4.0,8.2,16.6,1.8,0.0,7.6,20.8,0.1,0.0,0.2,0.27,4.6,0.2,4.8,0.0
267.0,Tre Jones,PG,21.0,SAS,37.0,269.0,12.1,0.544,0.064,0.244,3.1,5.2,4.2,20.0,1.4,0.0,13.1,16.1,0.2,0.1,0.4,0.066,-2.2,-1.3,-3.5,-0.1
268.0,Tyus Jones,PG,24.0,MEM,70.0,1222.0,15.0,0.511,0.339,0.109,1.8,10.4,6.1,28.6,2.5,0.4,10.0,16.6,1.5,1.3,2.8,0.11,-0.1,0.9,0.8,0.9
269.0,DeAndre Jordan,C,32.0,BRK,57.0,1246.0,17.1,0.736,0.004,0.369,10.9,26.1,18.9,10.1,0.7,4.6,22.7,13.1,2.4,1.5,3.9,0.152,0.1,1.0,1.0,0.9
270.0,Cory Joseph,PG,29.0,SAC,44.0,944.0,9.9,0.534,0.376,0.188,2.9,8.8,5.8,14.9,2.0,0.8,14.0,14.3,0.4,0.3,0.7,0.037,-3.0,-0.3,-3.3,-0.3
270.0,Cory Joseph,PG,29.0,DET,19.0,502.0,17.3,0.588,0.216,0.233,2.2,11.2,6.6,33.7,2.1,1.6,15.3,19.9,0.8,0.5,1.4,0.13,0.5,0.4,0.9,0.4
271.0,Mfiondu Kabengele,PF,23.0,LAC,23.0,94.0,1.4,0.39,0.563,0.188,1.2,15.1,8.4,6.9,1.1,2.8,14.8,19.2,-0.3,0.1,-0.1,-0.075,-9.2,-0.9,-10.1,-0.2
271.0,Mfiondu Kabengele,PF,23.0,CLE,16.0,186.0,13.7,0.538,0.561,0.246,6.5,21.6,13.8,9.7,1.6,4.8,12.5,16.9,0.1,0.2,0.3,0.078,-1.9,0.6,-1.3,0.0
272.0,Frank Kaminsky,C,27.0,PHO,47.0,715.0,15.8,0.547,0.331,0.233,5.8,23.7,14.9,15.3,1.0,2.1,7.2,19.0,1.1,0.9,2.0,0.133,0.4,0.8,1.3,0.6
273.0,Luke Kennard,SG,24.0,LAC,63.0,1232.0,12.7,0.608,0.541,0.075,1.4,13.0,7.3,11.9,0.9,0.7,10.1,17.1,1.6,1.1,2.7,0.105,0.3,-0.5,-0.2,0.6
274.0,Louis King,SF,21.0,SAC,6.0,85.0,21.2,0.6,0.324,0.176,6.4,17.2,11.8,15.4,4.0,3.0,9.8,20.6,0.2,0.1,0.3,0.16,2.3,2.5,4.9,0.1
275.0,Maxi Kleber,PF,29.0,DAL,50.0,1341.0,10.6,0.606,0.771,0.135,3.9,17.4,10.7,6.6,0.9,2.4,9.3,10.6,1.6,1.3,2.9,0.103,-0.5,0.5,0.0,0.7
276.0,Nathan Knight,PF,23.0,ATL,33.0,279.0,13.9,0.499,0.33,0.55,10.8,17.3,14.1,4.0,1.6,3.2,10.8,21.7,0.1,0.3,0.4,0.07,-2.6,-1.0,-3.7,-0.1
277.0,Kevin Knox,SF,21.0,NYK,42.0,464.0,9.1,0.537,0.622,0.14,2.4,11.8,7.1,5.9,1.3,1.2,10.1,16.2,0.0,0.6,0.6,0.065,-1.7,0.4,-1.4,0.1
278.0,John Konchar,SG,24.0,MEM,43.0,575.0,14.8,0.608,0.406,0.217,6.4,17.3,11.8,10.7,2.5,1.4,10.6,12.4,0.9,0.8,1.7,0.145,-0.2,1.4,1.2,0.5
279.0,Furkan Korkmaz,SG,23.0,PHI,55.0,1062.0,12.8,0.544,0.634,0.193,1.8,9.8,5.9,11.1,2.2,0.8,9.1,20.5,0.6,1.5,2.0,0.092,-0.3,0.2,-0.1,0.5
280.0,Luke Kornet,PF,25.0,CHI,13.0,94.0,9.8,0.452,0.852,0.148,1.2,16.3,8.8,5.5,1.0,6.5,3.4,13.7,0.0,0.1,0.1,0.047,-0.6,1.3,0.6,0.1
280.0,Luke Kornet,C,25.0,BOS,18.0,254.0,14.5,0.534,0.486,0.027,5.7,17.2,11.4,10.9,0.4,9.2,7.4,13.7,0.3,0.3,0.6,0.113,-0.8,1.8,0.9,0.2
281.0,Rodions Kurucs,PF,22.0,BRK,5.0,16.0,7.7,0.5,0.667,0.0,0.0,19.7,10.4,15.1,0.0,0.0,0.0,8.2,0.0,0.0,0.0,0.082,-0.8,0.8,0.0,0.0
281.0,Rodions Kurucs,SF,22.0,HOU,11.0,75.0,0.8,0.297,0.714,0.095,2.7,13.4,7.8,7.1,3.8,4.8,29.1,17.5,-0.4,0.1,-0.3,-0.176,-10.1,1.5,-8.6,-0.1
281.0,Rodions Kurucs,SF,22.0,MIL,5.0,34.0,17.9,0.845,0.5,0.25,9.6,17.9,13.9,15.0,4.1,0.0,31.1,15.9,0.1,0.1,0.1,0.199,-0.9,3.1,2.2,0.0
282.0,Kyle Kuzma,SF,25.0,LAL,68.0,1954.0,12.7,0.546,0.502,0.128,6.3,17.7,12.0,9.8,0.9,1.9,12.4,20.3,0.4,2.9,3.3,0.08,-0.4,-0.1,-0.4,0.8
283.0,Anthony Lamb,SF,23.0,HOU,24.0,415.0,8.7,0.523,0.602,0.178,6.7,11.5,9.0,7.9,0.7,1.1,13.0,15.0,0.1,0.1,0.2,0.023,-3.4,-2.7,-6.1,-0.4
284.0,Jeremy Lamb,SG,28.0,IND,36.0,765.0,15.8,0.587,0.464,0.272,3.6,14.9,9.3,9.4,2.1,2.4,6.6,18.4,1.2,0.9,2.1,0.132,0.7,0.7,1.4,0.7
285.0,Romeo Langford,SG,21.0,BOS,18.0,283.0,5.1,0.436,0.305,0.203,4.7,9.1,6.9,5.9,1.0,1.7,13.5,11.3,-0.2,0.2,0.0,0.003,-4.9,0.2,-4.6,-0.2
286.0,Zach LaVine,SG,25.0,CHI,58.0,2034.0,21.5,0.634,0.425,0.265,2.0,13.6,7.9,23.4,1.1,1.2,13.9,31.0,4.0,1.8,5.9,0.138,4.9,-0.8,4.0,3.1
287.0,Jake Layman,SF,26.0,MIN,45.0,627.0,11.4,0.577,0.424,0.201,2.2,9.7,5.8,6.4,2.2,2.6,11.5,15.1,0.2,0.5,0.7,0.051,-2.2,0.2,-2.1,0.0
288.0,T.J. Leaf,PF,23.0,POR,7.0,35.0,11.2,0.551,0.0,0.2,0.0,15.7,7.6,4.0,2.8,2.6,15.5,15.8,0.0,0.0,0.0,0.022,-3.9,0.9,-3.0,0.0
289.0,Jalen Lecque,PG,20.0,IND,4.0,12.0,4.7,0.242,0.111,0.333,18.2,27.0,22.6,20.6,0.0,0.0,0.0,36.6,-0.1,0.0,-0.1,-0.232,-6.6,-6.3,-13.0,0.0
290.0,Damion Lee,SG,28.0,GSW,57.0,1079.0,11.8,0.636,0.708,0.161,2.2,15.4,8.9,9.1,1.7,0.7,9.3,12.8,1.4,1.3,2.7,0.119,-0.7,0.9,0.2,0.6
291.0,Saben Lee,PG,21.0,DET,48.0,781.0,13.8,0.536,0.11,0.424,2.8,11.1,6.9,33.2,2.0,1.5,18.1,17.0,0.7,0.8,1.5,0.091,-2.1,0.2,-2.0,0.0
292.0,Alex Len,C,27.0,TOR,7.0,76.0,4.3,0.633,0.6,0.6,0.0,16.5,8.0,5.2,0.6,7.9,38.8,11.7,-0.1,0.1,-0.1,-0.033,-6.5,2.5,-4.0,0.0
292.0,Alex Len,C,27.0,WAS,57.0,903.0,17.5,0.643,0.071,0.41,9.2,20.0,14.6,7.2,1.0,5.4,12.9,16.7,1.6,1.2,2.8,0.147,-0.7,0.9,0.2,0.5
293.0,Kawhi Leonard,SF,29.0,LAC,52.0,1773.0,26.0,0.622,0.28,0.325,3.6,17.4,10.7,24.9,2.3,1.1,9.2,28.6,6.4,2.4,8.8,0.238,6.0,1.3,7.3,4.2
294.0,Meyers Leonard,C,28.0,MIA,3.0,29.0,6.6,0.635,1.0,0.286,0.0,27.1,13.8,9.7,0.0,0.0,20.2,15.4,0.0,0.0,0.0,0.038,-3.3,-0.4,-3.7,0.0
295.0,Caris LeVert,SG,26.0,BRK,12.0,334.0,19.1,0.516,0.315,0.17,3.5,13.2,8.6,34.1,1.9,1.6,10.8,31.5,0.3,0.3,0.6,0.084,2.1,-0.6,1.5,0.3
295.0,Caris LeVert,SG,26.0,IND,35.0,1152.0,17.4,0.535,0.318,0.238,2.2,13.0,7.6,22.9,2.2,1.7,10.1,27.9,0.6,1.2,1.8,0.075,0.5,-0.5,0.0,0.6
296.0,Kira Lewis Jr.,PG,19.0,NOP,54.0,904.0,10.3,0.477,0.356,0.151,1.4,7.1,4.3,18.7,2.0,1.0,8.6,18.3,0.2,0.6,0.9,0.045,-3.2,-0.2,-3.4,-0.3
297.0,Damian Lillard,PG,30.0,POR,67.0,2398.0,25.6,0.623,0.528,0.363,1.4,11.5,6.3,34.6,1.3,0.6,11.6,31.4,9.6,0.8,10.4,0.209,7.5,-1.3,6.3,5.0
298.0,Nassir Little,PF,20.0,POR,48.0,640.0,11.6,0.589,0.479,0.269,5.2,16.5,10.7,4.9,0.4,1.8,8.8,13.8,0.9,0.2,1.1,0.082,-1.1,-1.6,-2.7,-0.1
299.0,Kevon Looney,C,24.0,GSW,61.0,1161.0,11.9,0.575,0.086,0.244,10.9,18.6,14.8,13.4,0.8,1.7,14.5,9.4,2.0,1.4,3.4,0.139,-1.8,1.0,-0.9,0.3
300.0,Brook Lopez,C,32.0,MIL,70.0,1902.0,15.4,0.611,0.439,0.222,6.0,13.0,9.6,3.5,1.0,4.8,8.3,16.9,3.1,2.2,5.3,0.133,0.0,0.0,0.0,0.9
301.0,Robin Lopez,C,32.0,WAS,71.0,1354.0,16.7,0.661,0.042,0.322,11.1,10.2,10.6,5.9,0.5,2.7,13.4,17.1,2.8,0.9,3.7,0.131,0.2,-1.2,-1.0,0.4
302.0,Didi Louzada,SF,21.0,NOP,3.0,56.0,-0.9,0.308,0.615,0.0,1.9,3.9,2.9,6.5,1.7,0.0,18.8,12.0,-0.1,0.0,-0.1,-0.099,-7.8,-1.8,-9.6,-0.1
303.0,Kevin Love,PF,32.0,CLE,25.0,622.0,15.1,0.556,0.619,0.202,3.0,31.2,16.7,16.0,1.3,0.3,12.2,21.9,0.3,0.6,0.9,0.073,0.9,-0.9,-0.1,0.3
304.0,Kyle Lowry,PG,34.0,TOR,46.0,1601.0,16.5,0.593,0.555,0.268,2.3,15.1,8.5,31.8,1.4,0.9,15.9,21.4,2.9,1.3,4.1,0.124,2.0,-0.4,1.6,1.5
305.0,Timothé Luwawu-Cabarrot,SF,25.0,BRK,58.0,1050.0,7.8,0.493,0.671,0.121,3.1,10.1,6.8,8.6,1.5,0.5,10.3,17.4,-0.3,0.7,0.3,0.015,-3.2,-1.2,-4.4,-0.6
306.0,Trey Lyles,PF,25.0,SAS,23.0,358.0,11.4,0.574,0.444,0.256,2.6,23.3,12.8,5.3,0.8,0.2,5.7,12.9,0.3,0.3,0.6,0.085,-1.3,-0.5,-1.8,0.0
307.0,Will Magnay,C,22.0,NOP,1.0,3.0,-35.1,0.0,1.0,0.0,0.0,0.0,0.0,0.0,0.0,0.0,50.0,28.0,0.0,0.0,0.0,-0.787,-30.7,-8.6,-39.3,0.0
308.0,Thon Maker,C,23.0,CLE,8.0,76.0,18.6,0.657,0.111,0.611,11.5,15.1,13.3,7.9,1.3,4.7,11.6,14.8,0.2,0.1,0.3,0.174,-0.3,1.1,0.7,0.1
309.0,Théo Maledon,PG,19.0,OKC,65.0,1778.0,8.2,0.489,0.51,0.22,1.4,11.0,6.2,18.8,1.5,0.5,17.3,19.4,-1.9,1.1,-0.8,-0.021,-4.0,-1.0,-5.0,-1.3
310.0,Karim Mané,PG,20.0,ORL,10.0,88.0,1.3,0.362,0.154,0.385,1.1,15.9,8.3,6.0,0.0,2.1,16.5,8.9,-0.1,0.0,-0.1,-0.045,-9.1,-0.8,-9.9,-0.2
311.0,Terance Mann,SG,24.0,LAC,67.0,1263.0,13.8,0.603,0.26,0.269,5.1,16.1,10.8,11.3,1.1,0.9,9.3,15.1,2.4,1.3,3.7,0.141,-0.5,0.3,-0.2,0.6
312.0,Nico Mannion,PG,19.0,GSW,30.0,364.0,9.3,0.487,0.526,0.246,1.8,11.5,6.7,25.6,2.1,0.2,19.7,18.5,-0.2,0.4,0.2,0.029,-3.4,-0.5,-3.9,-0.2
313.0,Boban Marjanović,C,32.0,DAL,33.0,271.0,22.6,0.562,0.066,0.311,19.3,32.7,26.0,5.9,0.4,2.1,8.0,24.6,0.7,0.3,1.0,0.183,1.9,-2.6,-0.8,0.1
314.0,Lauri Markkanen,PF,23.0,CHI,51.0,1317.0,15.2,0.619,0.568,0.177,3.0,19.4,11.3,5.0,1.0,1.0,8.5,20.2,1.7,1.3,3.0,0.109,1.0,-0.9,0.1,0.7
315.0,Naji Marshall,SF,23.0,NOP,32.0,700.0,11.4,0.508,0.397,0.359,2.3,20.6,11.5,16.5,1.8,1.4,13.6,16.8,0.2,0.7,0.9,0.061,-2.1,0.8,-1.3,0.1
316.0,Caleb Martin,SF,25.0,CHO,53.0,818.0,9.5,0.465,0.488,0.25,4.0,14.8,9.3,11.5,2.2,1.5,10.4,16.7,-0.4,0.9,0.5,0.03,-3.6,0.2,-3.4,-0.3
317.0,Cody Martin,SF,25.0,CHO,52.0,849.0,10.6,0.5,0.309,0.229,6.5,14.1,10.3,13.9,2.1,1.4,16.2,12.5,0.2,0.9,1.1,0.061,-2.7,0.7,-2.0,0.0
318.0,Jeremiah Martin,PG,24.0,CLE,9.0,75.0,1.4,0.313,0.364,0.152,2.9,7.6,5.2,7.9,3.3,2.4,14.6,23.9,-0.4,0.1,-0.3,-0.207,-8.3,-1.1,-9.5,-0.1
319.0,Kelan Martin,SF,25.0,IND,35.0,322.0,13.9,0.551,0.435,0.072,6.1,20.1,13.1,7.5,1.5,2.5,10.1,20.9,0.1,0.4,0.4,0.066,-1.1,-1.3,-2.4,0.0
320.0,Kenyon Martin Jr.,SF,20.0,HOU,45.0,1068.0,14.6,0.59,0.302,0.264,7.0,17.6,12.1,6.8,1.3,3.4,9.7,15.6,1.3,0.9,2.2,0.099,-1.4,-0.4,-1.8,0.0
321.0,Frank Mason III,PG,26.0,ORL,4.0,79.0,7.5,0.462,0.208,0.292,3.8,12.2,7.9,22.3,0.0,0.0,15.6,17.5,0.0,0.0,0.0,-0.018,-5.2,-2.4,-7.7,-0.1
322.0,Garrison Mathews,SG,24.0,WAS,64.0,1038.0,9.7,0.635,0.835,0.401,1.6,7.2,4.4,3.1,1.3,0.6,3.5,11.5,1.7,0.6,2.3,0.108,-1.7,-0.1,-1.8,0.1
323.0,Dakota Mathias,SG,25.0,PHI,8.0,123.0,9.8,0.474,0.542,0.125,0.9,5.3,3.1,15.1,0.4,2.2,1.9,18.1,0.0,0.1,0.2,0.061,-1.5,-1.0,-2.6,0.0
324.0,Wesley Matthews,SG,34.0,LAL,58.0,1130.0,7.2,0.517,0.782,0.163,2.0,7.2,4.6,6.3,1.6,1.3,8.8,11.4,0.2,1.5,1.7,0.073,-3.1,1.4,-1.7,0.1
325.0,Tyrese Maxey,SG,20.0,PHI,61.0,935.0,14.5,0.531,0.24,0.163,1.3,10.8,6.1,19.9,1.3,1.2,8.2,23.0,0.8,1.1,1.9,0.099,-1.0,-0.5,-1.5,0.1
326.0,Skylar Mays,SG,23.0,ATL,33.0,269.0,16.8,0.569,0.408,0.255,4.2,10.0,7.1,16.4,2.6,0.7,7.6,19.1,0.5,0.3,0.8,0.14,1.2,0.7,1.9,0.3
327.0,Patrick McCaw,SF,25.0,TOR,5.0,33.0,12.0,1.078,0.0,3.0,3.2,6.9,5.0,15.2,2.9,0.0,0.0,3.0,0.1,0.0,0.1,0.209,-2.7,3.6,0.9,0.0
328.0,CJ McCollum,SG,29.0,POR,47.0,1600.0,20.8,0.577,0.475,0.15,2.0,10.6,6.2,23.0,1.3,1.2,6.5,27.1,4.1,0.6,4.7,0.141,5.0,-1.1,3.9,2.4
329.0,T.J. McConnell,PG,28.0,IND,69.0,1796.0,16.9,0.583,0.098,0.098,3.3,12.1,7.7,34.3,3.4,1.0,20.9,15.3,2.6,2.2,4.8,0.128,-0.2,1.7,1.4,1.5
330.0,Jaden McDaniels,PF,20.0,MIN,63.0,1511.0,8.9,0.552,0.54,0.123,3.6,13.4,8.3,6.4,1.1,3.4,10.8,12.0,0.5,0.9,1.4,0.046,-3.3,-0.2,-3.5,-0.6
331.0,Jalen McDaniels,SF,23.0,CHO,47.0,904.0,11.4,0.554,0.37,0.225,5.3,15.1,10.1,8.6,1.5,2.1,12.6,17.0,0.3,0.9,1.2,0.062,-2.8,-0.4,-3.2,-0.3
332.0,Doug McDermott,PF,29.0,IND,66.0,1619.0,15.6,0.635,0.43,0.147,4.0,10.7,7.4,7.8,0.6,0.3,7.0,20.0,3.1,0.7,3.8,0.112,1.4,-2.0,-0.6,0.6
333.0,Sean McDermott,SF,24.0,MEM,18.0,158.0,7.2,0.534,0.667,0.242,4.0,8.8,6.4,3.1,0.6,1.7,9.9,10.8,0.1,0.1,0.2,0.05,-3.1,-1.2,-4.3,-0.1
334.0,JaVale McGee,C,33.0,CLE,33.0,503.0,18.4,0.554,0.093,0.256,11.7,26.5,18.9,11.4,1.6,7.1,15.8,24.6,0.0,0.8,0.8,0.074,-2.3,1.2,-1.1,0.1
334.0,JaVale McGee,C,33.0,DEN,13.0,175.0,12.9,0.498,0.06,0.179,15.0,29.7,22.4,4.8,0.8,7.8,17.2,21.8,-0.1,0.3,0.2,0.05,-6.4,-0.3,-6.6,-0.2
335.0,Rodney McGruder,SG,29.0,DET,16.0,194.0,16.1,0.619,0.343,0.114,4.5,8.1,6.3,13.6,2.0,0.4,8.7,18.1,0.3,0.2,0.5,0.121,0.7,0.0,0.7,0.1
336.0,Alfonzo McKinnie,SF,28.0,LAL,39.0,258.0,15.5,0.604,0.419,0.194,9.6,13.9,11.8,3.6,1.3,0.0,4.7,17.8,0.5,0.3,0.8,0.156,0.3,-0.8,-0.4,0.1
337.0,Jordan McLaughlin,PG,24.0,MIN,51.0,938.0,12.0,0.502,0.38,0.124,2.3,10.4,6.2,28.0,2.6,0.6,16.7,13.7,0.6,0.6,1.2,0.062,-2.0,0.2,-1.7,0.1
338.0,Ben McLemore,SG,27.0,HOU,32.0,537.0,8.3,0.5,0.741,0.143,2.1,11.4,6.6,7.8,1.8,0.5,10.5,21.1,-0.5,0.3,-0.2,-0.019,-3.4,-1.1,-4.5,-0.3
338.0,Ben McLemore,SG,27.0,LAL,21.0,368.0,8.8,0.559,0.809,0.149,1.2,9.1,5.2,4.3,0.4,1.5,8.5,19.4,0.1,0.4,0.5,0.061,-1.6,-1.4,-3.0,-0.1
339.0,Nicolò Melli,PF,30.0,NOP,22.0,241.0,5.8,0.346,0.627,0.119,5.4,20.3,12.8,12.7,1.8,0.4,10.1,12.1,-0.2,0.2,0.0,0.008,-4.9,1.1,-3.9,-0.1
339.0,Nicolò Melli,PF,30.0,DAL,23.0,325.0,9.4,0.506,0.585,0.22,5.8,16.1,11.0,7.7,0.8,0.6,5.3,12.9,0.3,0.2,0.5,0.078,-2.3,-0.8,-3.2,-0.1
340.0,De'Anthony Melton,PG,22.0,MEM,52.0,1045.0,15.2,0.568,0.537,0.13,3.0,13.4,8.2,17.5,2.7,2.7,13.7,19.5,0.7,1.5,2.2,0.103,0.6,1.7,2.3,1.1
341.0,Sam Merrill,SG,24.0,MIL,30.0,233.0,11.9,0.603,0.653,0.056,2.8,10.4,6.8,11.4,1.6,0.4,11.9,15.0,0.3,0.2,0.5,0.102,-0.7,-0.3,-1.0,0.1
342.0,Chimezie Metu,C,23.0,SAC,36.0,488.0,14.5,0.571,0.207,0.24,7.0,18.7,12.7,8.2,1.4,3.1,12.8,20.0,0.3,0.3,0.6,0.061,-2.2,-1.3,-3.6,-0.2
343.0,Khris Middleton,SF,29.0,MIL,68.0,2269.0,18.2,0.588,0.34,0.22,2.6,15.7,9.4,23.2,1.5,0.4,13.1,25.0,4.1,2.2,6.4,0.135,1.7,-0.3,1.3,1.9
344.0,Darius Miller,SF,30.0,OKC,18.0,197.0,15.9,0.685,0.875,0.25,1.0,11.8,6.3,15.4,3.1,2.3,13.1,13.2,0.4,0.2,0.6,0.156,0.8,2.7,3.6,0.3
345.0,Patty Mills,PG,32.0,SAS,68.0,1685.0,11.8,0.57,0.702,0.128,1.1,6.3,3.7,13.5,1.2,0.2,9.3,18.4,1.3,0.8,2.2,0.062,0.0,-1.2,-1.2,0.4
346.0,Paul Millsap,PF,35.0,DEN,56.0,1162.0,16.4,0.565,0.357,0.244,7.4,18.1,12.8,11.6,2.2,3.0,10.3,18.6,1.7,1.6,3.2,0.133,0.3,0.7,1.0,0.9
347.0,Shake Milton,SG,24.0,PHI,63.0,1461.0,14.6,0.549,0.304,0.264,2.5,8.5,5.6,20.3,1.3,1.1,12.2,24.9,1.1,1.6,2.8,0.091,-0.7,-1.0,-1.6,0.1
348.0,Donovan Mitchell,PG,24.0,UTA,53.0,1771.0,21.3,0.569,0.423,0.29,3.1,10.6,7.0,26.7,1.4,0.7,10.7,33.5,3.9,2.2,6.2,0.167,4.6,-0.2,4.3,2.8
349.0,Adam Mokoka,SG,22.0,CHI,14.0,56.0,2.2,0.386,0.526,0.053,2.0,7.8,4.9,11.9,1.7,1.6,20.5,18.9,-0.2,0.1,-0.1,-0.112,-7.7,-1.6,-9.3,-0.1
350.0,Malik Monk,SG,22.0,CHO,42.0,878.0,13.6,0.569,0.531,0.18,1.7,10.9,6.2,15.7,1.1,0.5,11.3,23.8,0.5,0.5,1.0,0.054,0.2,-2.0,-1.8,0.0
351.0,E'Twaun Moore,SG,31.0,PHO,27.0,389.0,10.4,0.523,0.289,0.116,4.2,8.9,6.6,13.7,1.9,1.2,15.3,17.2,0.0,0.4,0.4,0.049,-3.1,0.2,-2.9,-0.1
352.0,Ja Morant,PG,21.0,MEM,63.0,2053.0,16.7,0.537,0.252,0.389,3.0,10.1,6.5,33.5,1.3,0.6,15.3,27.2,1.6,1.6,3.2,0.074,1.3,-1.6,-0.4,0.8
353.0,Juwan Morgan,PF,23.0,UTA,29.0,147.0,8.5,0.529,0.433,0.233,6.8,13.1,10.1,8.0,1.3,0.6,10.8,10.9,0.1,0.2,0.3,0.105,-3.5,1.2,-2.3,0.0
354.0,Marcus Morris,PF,31.0,LAC,57.0,1502.0,14.5,0.614,0.507,0.152,2.7,14.5,8.8,5.6,1.1,0.9,8.4,20.1,2.1,1.5,3.6,0.115,0.9,-0.8,0.0,0.8
355.0,Markieff Morris,PF,31.0,LAL,61.0,1200.0,9.3,0.509,0.553,0.132,4.5,20.3,12.5,8.6,0.9,1.4,11.9,16.4,-0.2,1.8,1.6,0.062,-2.9,0.3,-2.6,-0.2
356.0,Monte Morris,PG,25.0,DEN,47.0,1196.0,14.0,0.574,0.346,0.189,1.0,8.0,4.6,17.1,1.4,1.1,7.5,16.5,2.0,0.8,2.9,0.115,0.1,-0.5,-0.3,0.5
357.0,Mychal Mulder,PG,26.0,GSW,60.0,766.0,10.8,0.613,0.808,0.083,1.1,7.1,4.2,4.8,0.7,1.4,5.5,16.2,0.6,0.6,1.2,0.075,-0.6,-1.2,-1.8,0.0
358.0,Dejounte Murray,PG,24.0,SAS,67.0,2139.0,16.5,0.509,0.204,0.138,2.8,21.1,11.8,25.9,2.3,0.3,10.2,23.4,0.7,2.6,3.3,0.074,-0.2,1.0,0.8,1.5
359.0,Jamal Murray,PG,23.0,DEN,48.0,1704.0,18.3,0.592,0.399,0.193,2.5,10.4,6.5,20.3,1.9,0.7,11.2,24.8,3.1,1.5,4.6,0.129,2.7,-0.7,2.0,1.7
360.0,Mike Muscala,C,29.0,OKC,35.0,645.0,14.7,0.599,0.689,0.135,3.0,18.4,10.6,7.0,0.6,1.5,6.9,20.0,0.9,0.4,1.3,0.096,0.9,-1.0,-0.1,0.3
361.0,Svi Mykhailiuk,SF,23.0,DET,36.0,634.0,10.2,0.527,0.767,0.135,1.9,11.2,6.5,13.5,2.1,0.8,14.2,19.0,-0.3,0.6,0.3,0.025,-1.5,-0.2,-1.8,0.0
361.0,Svi Mykhailiuk,SG,23.0,OKC,30.0,690.0,10.6,0.531,0.505,0.071,1.9,11.6,6.7,12.3,1.7,0.8,14.4,21.0,-0.5,0.5,-0.1,-0.004,-2.3,-1.1,-3.3,-0.2
362.0,Abdel Nader,SF,27.0,PHO,24.0,355.0,13.4,0.605,0.371,0.319,2.3,17.3,9.9,7.3,1.4,2.3,12.6,19.0,0.3,0.4,0.7,0.095,-1.0,1.0,0.0,0.2
363.0,Larry Nance Jr.,PF,28.0,CLE,35.0,1091.0,13.2,0.557,0.419,0.18,5.4,19.0,12.1,14.4,2.8,1.4,15.8,13.9,0.5,1.3,1.8,0.08,-1.4,1.8,0.4,0.7
364.0,Aaron Nesmith,SF,21.0,BOS,46.0,669.0,9.4,0.573,0.607,0.157,4.6,16.6,10.6,4.6,1.1,1.3,10.8,13.7,0.5,0.6,1.1,0.076,-2.8,-0.4,-3.2,-0.2
365.0,Raul Neto,PG,28.0,WAS,64.0,1403.0,13.0,0.575,0.367,0.19,2.1,9.6,5.9,14.0,2.4,0.4,9.9,15.8,1.5,1.3,2.8,0.097,-1.4,0.9,-0.6,0.5
366.0,Georges Niang,PF,27.0,UTA,72.0,1154.0,11.4,0.602,0.721,0.057,2.7,13.0,8.1,7.3,1.1,0.6,10.9,17.4,1.2,1.4,2.6,0.108,-0.4,0.1,-0.3,0.5
367.0,Zeke Nnaji,PF,20.0,DEN,42.0,397.0,11.3,0.615,0.567,0.144,4.0,14.5,9.3,3.3,1.0,1.0,6.0,12.9,0.6,0.3,0.9,0.104,-0.6,-1.1,-1.7,0.0
368.0,Nerlens Noel,C,26.0,NYK,64.0,1547.0,14.8,0.638,0.013,0.314,10.1,18.4,14.3,4.1,2.3,8.7,20.4,9.2,1.6,3.6,5.2,0.162,-2.4,3.8,1.4,1.3
369.0,Jaylen Nowell,SG,21.0,MIN,42.0,759.0,12.3,0.528,0.448,0.164,2.6,11.3,6.8,12.5,1.4,1.4,7.2,21.4,0.3,0.4,0.7,0.044,-1.5,-1.4,-2.8,-0.2
370.0,Frank Ntilikina,PG,22.0,NYK,33.0,322.0,7.7,0.512,0.608,0.228,2.0,8.3,5.2,8.1,2.8,1.2,11.2,13.6,0.0,0.5,0.5,0.07,-4.2,2.5,-1.7,0.0
371.0,Kendrick Nunn,PG,25.0,MIA,56.0,1650.0,14.2,0.596,0.486,0.091,1.5,10.8,6.2,14.5,1.6,0.9,10.5,20.9,1.4,1.5,2.9,0.084,-0.1,-0.4,-0.5,0.6
372.0,James Nunnally,SF,30.0,NOP,9.0,48.0,8.3,0.54,0.923,0.154,4.5,15.8,10.2,8.1,0.0,0.0,12.6,13.9,0.0,0.0,0.0,0.031,-0.9,-1.8,-2.7,0.0
373.0,Jusuf Nurkić,C,26.0,POR,37.0,880.0,20.5,0.554,0.09,0.339,10.2,30.7,20.2,21.4,2.1,4.0,16.0,22.3,1.2,1.2,2.4,0.133,0.7,1.8,2.5,1.0
374.0,David Nwaba,SF,28.0,HOU,30.0,679.0,14.4,0.557,0.289,0.312,6.0,12.8,9.3,6.9,2.1,2.8,6.4,16.6,0.7,0.6,1.3,0.094,-1.4,0.6,-0.8,0.2
375.0,Jordan Nwora,SF,22.0,MIL,30.0,274.0,16.1,0.586,0.459,0.185,3.6,18.9,11.5,3.6,2.7,2.3,14.1,26.0,0.0,0.4,0.4,0.068,-0.7,-0.4,-1.1,0.1
376.0,Royce O'Neale,SF,27.0,UTA,71.0,2241.0,9.9,0.599,0.706,0.117,4.4,18.0,11.5,10.4,1.2,1.2,16.7,9.6,2.3,3.3,5.6,0.121,-1.2,2.1,1.0,1.7
377.0,Semi Ojeleye,PF,26.0,BOS,56.0,950.0,8.3,0.553,0.715,0.145,3.6,13.7,8.6,5.1,0.9,0.0,8.2,11.6,0.7,0.6,1.2,0.063,-1.7,-0.7,-2.4,-0.1
378.0,Jahlil Okafor,C,25.0,DET,27.0,347.0,13.1,0.644,0.088,0.235,7.3,13.9,10.6,6.1,0.8,1.3,15.7,16.8,0.3,0.3,0.6,0.082,-2.5,-0.7,-3.2,-0.1
379.0,Chuma Okeke,PF,22.0,ORL,45.0,1133.0,11.8,0.511,0.435,0.123,3.7,13.2,8.3,13.2,2.1,1.8,10.0,14.5,0.3,1.0,1.3,0.056,-1.9,0.5,-1.5,0.1
380.0,Josh Okogie,SG,22.0,MIN,59.0,1197.0,9.1,0.524,0.425,0.425,5.5,8.7,7.1,7.0,2.1,2.0,12.5,12.1,0.5,0.8,1.3,0.051,-3.7,0.3,-3.3,-0.4
381.0,Onyeka Okongwu,C,20.0,ATL,50.0,601.0,16.8,0.655,0.02,0.383,11.5,18.0,14.9,4.4,1.9,4.8,14.3,14.7,1.1,0.8,1.9,0.155,-2.2,0.8,-1.4,0.1
382.0,Isaac Okoro,SG,20.0,CLE,67.0,2173.0,7.9,0.514,0.383,0.281,3.4,7.3,5.3,8.6,1.4,1.0,12.0,14.3,-0.1,1.0,0.9,0.02,-4.2,-0.9,-5.1,-1.7
383.0,KZ Okpala,PF,21.0,MIA,37.0,447.0,5.2,0.448,0.521,0.156,5.5,11.8,8.7,5.8,1.1,2.6,12.8,11.9,-0.3,0.4,0.1,0.015,-6.5,-0.6,-7.1,-0.6
384.0,Victor Oladipo,SG,28.0,IND,9.0,300.0,15.5,0.535,0.454,0.243,0.4,18.0,9.2,18.7,2.4,0.5,9.7,26.4,0.0,0.3,0.4,0.063,0.0,-0.1,-0.2,0.1
384.0,Victor Oladipo,SG,28.0,HOU,20.0,669.0,14.9,0.508,0.402,0.218,1.2,14.5,7.6,25.3,1.7,1.3,10.9,29.8,-0.3,0.5,0.1,0.009,-0.3,-1.0,-1.3,0.1
384.0,Victor Oladipo,SG,28.0,MIA,4.0,111.0,8.1,0.471,0.395,0.419,3.1,11.1,7.2,18.9,3.1,1.9,21.6,26.4,-0.3,0.2,-0.1,-0.06,-7.1,-1.6,-8.7,-0.2
385.0,Cameron Oliver,SF,24.0,HOU,4.0,87.0,17.2,0.619,0.394,0.121,5.9,20.5,12.9,9.6,1.1,4.1,7.9,18.5,0.1,0.1,0.2,0.114,-1.0,-1.0,-2.0,0.0
386.0,Kelly Olynyk,C,29.0,MIA,43.0,1157.0,12.1,0.549,0.646,0.106,4.4,21.1,12.9,11.7,1.7,2.4,12.3,17.5,0.3,1.6,1.9,0.078,-1.6,1.0,-0.7,0.4
386.0,Kelly Olynyk,PF,29.0,HOU,27.0,840.0,22.3,0.674,0.389,0.421,5.2,24.5,14.5,21.9,2.2,1.7,15.7,22.9,2.2,1.0,3.2,0.182,2.9,0.9,3.8,1.2
387.0,Miye Oni,SG,23.0,UTA,54.0,519.0,6.4,0.517,0.889,0.061,4.9,11.9,8.6,6.8,1.0,1.2,13.6,9.8,0.2,0.7,0.9,0.081,-3.0,1.3,-1.7,0.0
388.0,Cedi Osman,SF,25.0,CLE,59.0,1510.0,10.3,0.488,0.553,0.162,2.8,12.4,7.5,17.7,1.7,0.5,11.3,20.4,-0.5,1.0,0.5,0.014,-2.3,-0.9,-3.2,-0.5
389.0,Daniel Oturu,C,21.0,LAC,30.0,161.0,12.5,0.471,0.096,0.231,15.1,18.3,16.8,8.5,1.2,3.9,13.6,18.2,0.0,0.2,0.3,0.081,-4.1,-1.1,-5.2,-0.1
390.0,Kelly Oubre Jr.,SF,25.0,GSW,55.0,1687.0,13.3,0.529,0.394,0.244,5.2,15.4,10.4,6.5,1.6,2.2,8.0,22.1,0.0,2.2,2.2,0.062,-1.4,-0.5,-1.9,0.0
391.0,Jabari Parker,PF,25.0,SAC,3.0,27.0,5.0,0.571,0.143,0.0,4.1,20.8,12.3,5.0,0.0,3.1,30.0,15.9,-0.1,0.0,0.0,-0.073,-7.7,-1.4,-9.1,0.0
391.0,Jabari Parker,PF,25.0,BOS,10.0,138.0,16.6,0.596,0.208,0.271,7.2,22.0,14.5,10.8,0.4,2.7,11.5,18.9,0.2,0.1,0.3,0.121,0.4,0.2,0.7,0.1
392.0,Eric Paschall,PF,24.0,GSW,40.0,695.0,13.4,0.561,0.181,0.315,4.3,15.1,9.8,11.4,0.8,0.9,11.2,23.5,0.2,0.7,0.9,0.062,-1.8,-0.9,-2.7,-0.1
393.0,Anžejs Pasečņiks,C,25.0,WAS,1.0,6.0,-40.6,0.0,1.0,0.0,17.7,0.0,8.8,18.7,0.0,0.0,83.3,41.4,-0.1,0.0,-0.1,-1.113,-40.7,-5.9,-46.6,-0.1
394.0,Patrick Patterson,PF,31.0,LAC,38.0,582.0,10.9,0.571,0.679,0.103,3.8,10.5,7.2,6.7,1.2,1.2,6.0,14.0,0.7,0.5,1.2,0.101,-0.4,-0.1,-0.6,0.2
395.0,Justin Patton,C,23.0,HOU,13.0,247.0,11.6,0.488,0.486,0.057,5.8,15.8,10.6,8.1,2.3,5.1,5.3,13.0,0.1,0.3,0.4,0.076,-3.6,1.4,-2.2,0.0
396.0,Chris Paul,PG,35.0,PHO,70.0,2199.0,21.4,0.599,0.294,0.206,1.3,14.5,8.0,40.9,2.2,0.8,14.0,22.6,6.5,2.7,9.2,0.201,3.5,1.1,4.6,3.6
397.0,Cameron Payne,PG,26.0,PHO,60.0,1079.0,17.4,0.602,0.42,0.142,1.7,13.2,7.6,28.1,1.6,1.3,12.5,19.8,2.4,1.2,3.6,0.158,2.1,1.0,3.1,1.4
398.0,Elfrid Payton,PG,26.0,NYK,63.0,1484.0,11.7,0.478,0.158,0.172,4.7,11.0,7.9,21.6,1.6,0.6,13.3,23.2,-0.9,1.9,1.0,0.032,-2.9,-0.1,-3.0,-0.4
399.0,Gary Payton II,PG,28.0,GSW,10.0,40.0,29.2,0.847,0.308,0.308,5.4,23.6,14.6,4.1,7.0,2.2,6.3,16.8,0.2,0.1,0.3,0.331,1.0,8.2,9.2,0.1
400.0,Norvel Pelle,C,27.0,BRK,3.0,28.0,2.1,0.429,0.0,0.0,12.5,15.0,13.8,0.0,0.0,9.4,30.0,15.6,-0.1,0.0,0.0,-0.069,-12.2,-0.8,-13.0,-0.1
400.0,Norvel Pelle,C,27.0,SAC,1.0,4.0,30.1,0.543,0.0,4.0,27.4,0.0,13.9,28.2,0.0,0.0,0.0,29.7,0.0,0.0,0.0,0.374,6.1,-2.9,3.2,0.0
400.0,Norvel Pelle,C,27.0,NYK,9.0,52.0,15.3,0.698,0.0,0.286,4.2,18.6,11.5,2.7,1.0,11.0,0.0,6.8,0.1,0.1,0.2,0.189,-1.1,3.7,2.5,0.1
401.0,Reggie Perry,PF,20.0,BRK,26.0,211.0,11.0,0.466,0.269,0.167,14.9,22.9,19.1,9.0,1.4,2.5,15.2,20.4,-0.1,0.2,0.2,0.04,-5.3,-1.4,-6.7,-0.2
402.0,Theo Pinson,SG,25.0,NYK,17.0,34.0,-8.1,0.111,0.889,0.0,0.0,15.8,8.0,3.7,0.0,0.0,10.0,13.1,-0.2,0.0,-0.1,-0.205,-13.2,-2.5,-15.7,-0.1
403.0,Mason Plumlee,C,30.0,DET,56.0,1499.0,18.7,0.638,0.018,0.444,10.6,28.1,19.3,21.0,1.4,2.9,18.7,16.3,3.0,2.1,5.1,0.164,0.2,2.0,2.2,1.6
404.0,Jakob Poeltl,C,25.0,SAS,69.0,1845.0,17.5,0.612,0.0,0.288,12.4,19.3,15.8,10.1,1.2,5.7,14.6,13.4,3.2,2.5,5.7,0.148,-0.5,1.2,0.8,1.3
405.0,Vincent Poirier,C,27.0,PHI,10.0,39.0,1.6,0.273,0.083,0.5,17.2,22.2,19.8,6.6,0.0,6.9,21.5,20.6,-0.2,0.1,-0.1,-0.127,-12.3,-2.4,-14.8,-0.1
406.0,Aleksej Pokusevski,PF,19.0,OKC,45.0,1090.0,6.1,0.43,0.507,0.103,2.8,17.6,10.1,13.1,0.9,3.4,18.8,20.5,-2.9,1.0,-1.9,-0.084,-5.1,-1.0,-6.1,-1.1
407.0,Jordan Poole,SG,21.0,GSW,51.0,988.0,15.1,0.581,0.582,0.251,1.6,8.2,5.0,15.4,1.2,0.8,8.8,25.0,1.1,0.9,1.9,0.094,0.7,-1.2,-0.5,0.4
408.0,Jontay Porter,PF,21.0,MEM,11.0,54.0,9.2,0.64,0.533,0.333,7.8,19.9,13.7,2.5,2.7,1.7,28.9,18.9,-0.1,0.1,0.0,0.019,-6.8,0.3,-6.5,-0.1
409.0,Kevin Porter Jr.,SG,20.0,HOU,26.0,835.0,12.5,0.528,0.439,0.256,2.4,10.5,6.3,31.2,1.1,0.9,18.2,25.4,-0.3,0.3,0.0,0.0,-1.1,-2.4,-3.5,-0.3
410.0,Michael Porter Jr.,SF,22.0,DEN,61.0,1912.0,20.6,0.663,0.468,0.164,5.4,20.9,13.2,5.6,1.0,2.8,8.1,21.7,4.8,2.1,6.9,0.173,4.0,-0.9,3.1,2.5
411.0,Otto Porter Jr.,SF,27.0,CHI,25.0,540.0,14.8,0.566,0.47,0.183,5.8,22.4,14.2,13.1,1.1,0.6,10.3,19.5,0.6,0.6,1.2,0.108,0.4,-0.3,0.2,0.3
411.0,Otto Porter Jr.,PF,27.0,ORL,3.0,66.0,11.7,0.441,0.36,0.2,0.0,22.8,11.0,11.5,2.9,0.0,0.0,17.8,0.0,0.1,0.1,0.05,-3.5,1.7,-1.7,0.0
412.0,Bobby Portis,C,25.0,MIL,66.0,1372.0,19.9,0.598,0.263,0.122,9.9,25.3,17.9,7.4,1.8,1.7,8.2,20.9,2.8,2.0,4.8,0.167,1.8,-0.4,1.5,1.2
413.0,Kristaps Porziņģis,C,25.0,DAL,43.0,1327.0,21.3,0.582,0.378,0.202,6.9,24.6,15.8,8.4,0.7,4.1,6.4,26.5,2.6,1.7,4.3,0.154,3.0,-0.8,2.2,1.4
414.0,Dwight Powell,C,29.0,DAL,58.0,966.0,16.8,0.688,0.108,0.639,9.2,17.4,13.3,8.9,1.8,2.9,13.9,13.2,2.6,1.2,3.8,0.188,-0.7,1.3,0.6,0.6
415.0,Norman Powell,SG,27.0,TOR,42.0,1277.0,17.7,0.645,0.475,0.288,1.6,9.6,5.4,10.0,1.8,0.6,10.8,24.2,2.3,0.9,3.2,0.12,2.2,-0.7,1.5,1.1
415.0,Norman Powell,SF,27.0,POR,27.0,928.0,14.2,0.576,0.418,0.307,2.6,7.8,5.1,8.1,1.8,1.0,9.5,20.5,1.1,0.4,1.5,0.078,-0.5,-0.7,-1.2,0.2
416.0,Taurean Prince,PF,26.0,BRK,12.0,218.0,11.7,0.565,0.5,0.365,1.1,15.4,8.6,4.3,1.8,3.2,11.4,19.4,0.0,0.2,0.3,0.062,-2.2,0.1,-2.2,0.0
416.0,Taurean Prince,PF,26.0,CLE,29.0,687.0,12.2,0.532,0.466,0.194,2.7,15.2,8.8,15.5,1.4,1.9,11.6,19.7,0.2,0.5,0.7,0.049,-0.9,-0.8,-1.7,0.0
417.0,Payton Pritchard,SG,23.0,BOS,66.0,1268.0,12.4,0.582,0.593,0.108,2.9,11.1,6.9,13.3,1.4,0.7,10.8,16.7,1.6,0.9,2.5,0.095,-0.3,-0.4,-0.7,0.4
418.0,Immanuel Quickley,PG,21.0,NYK,64.0,1243.0,15.8,0.557,0.522,0.3,2.2,9.7,6.0,16.2,1.2,0.9,8.1,25.6,1.8,1.4,3.2,0.125,1.4,-0.5,0.9,0.9
419.0,Jahmi'us Ramsey,SG,19.0,SAC,13.0,94.0,10.5,0.498,0.5,0.132,2.3,9.6,5.9,8.8,2.0,0.9,6.9,19.8,0.0,0.0,0.0,0.012,-3.1,-1.4,-4.5,-0.1
420.0,Chasson Randle,PG,27.0,ORL,41.0,837.0,7.4,0.515,0.549,0.203,0.8,9.6,5.1,12.9,1.3,0.5,15.1,15.7,-0.4,0.4,0.0,-0.001,-4.8,-1.1,-5.9,-0.8
421.0,Julius Randle,PF,26.0,NYK,71.0,2667.0,19.7,0.567,0.294,0.325,3.5,25.7,14.7,27.2,1.2,0.6,13.8,29.3,3.4,4.3,7.8,0.14,2.9,0.9,3.8,3.9
422.0,Cam Reddish,SF,21.0,ATL,26.0,750.0,9.3,0.488,0.479,0.312,3.3,11.7,7.6,6.5,2.2,1.1,10.2,19.3,-0.3,0.7,0.4,0.026,-3.3,0.1,-3.2,-0.2
423.0,J.J. Redick,SG,36.0,NOP,31.0,576.0,10.9,0.575,0.654,0.22,0.6,9.2,4.9,9.6,0.7,0.3,9.6,19.0,0.6,0.2,0.8,0.065,-0.8,-2.0,-2.8,-0.1
423.0,J.J. Redick,SG,36.0,DAL,13.0,147.0,5.9,0.516,0.717,0.094,0.8,8.2,4.5,10.3,0.7,0.6,16.6,19.9,-0.2,0.1,-0.1,-0.031,-3.4,-2.6,-6.0,-0.1
424.0,Paul Reed,PF,21.0,PHI,26.0,177.0,21.2,0.54,0.077,0.103,19.0,18.9,19.0,11.0,2.7,6.6,12.8,22.7,0.2,0.4,0.6,0.162,-1.8,0.8,-1.0,0.0
425.0,Naz Reid,C,21.0,MIN,70.0,1347.0,18.2,0.599,0.299,0.286,6.4,20.0,12.9,8.7,1.2,4.9,9.5,22.5,1.9,1.3,3.2,0.113,-0.1,-0.2,-0.2,0.6
426.0,Cameron Reynolds,SF,25.0,SAS,3.0,6.0,6.2,0.5,0.0,0.0,0.0,0.0,0.0,0.0,0.0,0.0,0.0,14.5,0.0,0.0,0.0,-0.017,-4.4,-3.6,-8.0,0.0
426.0,Cameron Reynolds,SF,25.0,HOU,2.0,34.0,6.5,0.406,0.75,0.0,6.0,9.8,7.8,8.8,0.0,0.0,0.0,20.0,0.0,0.0,0.0,-0.043,-3.4,-4.8,-8.2,-0.1
427.0,Nick Richards,PF,23.0,CHO,18.0,63.0,5.5,0.542,0.111,1.222,6.8,12.2,9.5,4.2,0.0,0.0,17.8,11.5,0.0,0.0,0.0,0.026,-5.9,-2.1,-8.0,-0.1
428.0,Josh Richardson,SG,27.0,DAL,59.0,1790.0,11.9,0.537,0.432,0.175,3.2,8.8,6.0,12.1,1.7,1.2,10.6,18.4,1.0,1.4,2.4,0.066,-1.5,-0.2,-1.7,0.1
429.0,Grant Riller,PG,23.0,CHO,7.0,27.0,23.6,0.75,0.333,0.0,0.0,4.1,2.0,20.9,1.8,0.0,7.7,20.7,0.1,0.0,0.1,0.177,4.6,0.5,5.1,0.0
430.0,Austin Rivers,SG,28.0,NYK,21.0,442.0,9.5,0.545,0.57,0.104,1.2,10.2,5.8,13.9,1.4,0.0,13.5,16.5,0.1,0.5,0.6,0.063,-2.4,0.2,-2.2,0.0
430.0,Austin Rivers,SG,28.0,DEN,15.0,403.0,10.3,0.558,0.655,0.155,0.8,9.0,4.9,12.5,2.2,0.5,10.6,14.2,0.3,0.4,0.7,0.081,-2.1,0.4,-1.7,0.0
431.0,Andre Roberson,SG,29.0,BRK,5.0,63.0,4.2,0.202,0.571,0.143,12.9,13.3,13.2,7.4,2.3,1.4,11.8,11.7,-0.1,0.1,-0.1,-0.043,-5.2,-0.9,-6.1,-0.1
432.0,Duncan Robinson,SF,26.0,MIA,72.0,2262.0,11.0,0.628,0.855,0.105,0.4,12.1,6.3,8.3,0.9,0.9,9.7,16.6,1.9,1.8,3.7,0.079,-0.2,-0.8,-1.0,0.6
433.0,Glenn Robinson III,SF,27.0,SAC,23.0,369.0,9.0,0.554,0.444,0.232,3.3,10.4,6.8,7.0,0.5,0.7,9.2,14.0,0.3,0.0,0.3,0.033,-1.9,-2.2,-4.0,-0.2
434.0,Jerome Robinson,SG,23.0,WAS,17.0,305.0,4.1,0.4,0.442,0.211,1.4,11.8,6.6,10.2,1.8,1.6,15.5,16.7,-0.7,0.3,-0.4,-0.057,-6.9,-0.1,-7.0,-0.4
435.0,Justin Robinson,PG,23.0,OKC,9.0,88.0,6.0,0.453,0.667,0.238,1.2,7.2,4.1,14.1,1.6,0.0,7.9,12.2,0.0,0.0,0.0,0.021,-5.8,-1.0,-6.8,-0.1
436.0,Mitchell Robinson,C,22.0,NYK,31.0,853.0,17.7,0.642,0.0,0.301,14.5,17.5,16.0,2.9,2.1,5.0,11.5,11.8,1.8,1.7,3.4,0.192,-0.3,1.5,1.2,0.7
437.0,Isaiah Roby,PF,22.0,OKC,61.0,1425.0,11.9,0.555,0.254,0.273,6.4,18.6,12.4,11.4,1.7,2.3,19.0,17.7,-0.3,1.5,1.3,0.043,-3.7,0.4,-3.3,-0.5
438.0,Rajon Rondo,PG,34.0,ATL,27.0,402.0,9.9,0.478,0.409,0.018,1.1,13.6,7.5,32.2,2.3,0.4,26.0,16.2,-0.2,0.4,0.2,0.019,-2.8,0.3,-2.5,0.0
438.0,Rajon Rondo,PG,34.0,LAC,18.0,368.0,16.8,0.609,0.419,0.143,4.4,12.2,8.4,38.6,2.4,0.5,26.4,18.2,0.7,0.4,1.1,0.148,2.0,0.4,2.3,0.4
439.0,Derrick Rose,PG,32.0,DET,15.0,342.0,17.1,0.517,0.212,0.272,1.9,7.6,4.7,32.5,2.6,1.0,12.3,30.0,0.0,0.3,0.4,0.051,0.7,-0.2,0.6,0.2
439.0,Derrick Rose,PG,32.0,NYK,35.0,937.0,18.8,0.565,0.211,0.18,1.6,10.0,5.9,26.3,1.7,1.5,9.6,24.3,1.5,1.2,2.8,0.142,1.9,0.5,2.4,1.0
440.0,Terrence Ross,SG,29.0,ORL,46.0,1347.0,13.2,0.53,0.429,0.224,1.1,11.4,6.1,13.2,1.7,1.4,9.9,24.1,-0.1,1.0,0.9,0.03,-1.4,-0.8,-2.3,-0.1
441.0,Terry Rozier,SG,26.0,CHO,69.0,2383.0,17.1,0.575,0.504,0.178,2.1,11.8,6.9,20.0,1.8,1.1,9.5,24.4,3.3,2.0,5.2,0.105,2.2,-0.5,1.6,2.2
442.0,Ricky Rubio,PG,30.0,MIN,68.0,1772.0,13.5,0.516,0.43,0.301,1.6,12.4,6.8,33.3,2.6,0.2,16.4,16.0,1.9,1.3,3.1,0.085,-1.9,0.0,-1.9,0.0
443.0,D'Angelo Russell,PG,24.0,MIN,42.0,1196.0,17.6,0.555,0.475,0.229,1.4,8.9,5.0,33.6,1.8,1.3,13.5,29.1,1.0,0.6,1.6,0.063,3.3,-1.7,1.6,1.1
444.0,Domantas Sabonis,PF,24.0,IND,62.0,2231.0,20.6,0.601,0.179,0.363,7.3,28.6,18.0,27.5,1.6,1.2,16.9,24.1,4.0,3.0,6.9,0.149,2.3,1.6,3.8,3.3
445.0,Luka Šamanić,PF,21.0,SAS,33.0,308.0,9.8,0.518,0.41,0.276,5.4,18.3,11.7,6.9,1.3,2.2,14.5,19.5,-0.2,0.3,0.1,0.015,-4.2,-0.7,-4.9,-0.2
446.0,JaKarr Sampson,PF,27.0,IND,29.0,316.0,10.9,0.533,0.133,0.257,9.3,17.1,13.2,1.8,0.3,3.6,10.7,19.0,0.0,0.3,0.3,0.044,-5.2,-2.3,-7.5,-0.4
447.0,Dario Šarić,C,26.0,PHO,50.0,871.0,14.3,0.567,0.395,0.289,6.1,18.4,12.4,10.4,1.7,0.4,12.9,22.6,0.7,1.0,1.7,0.093,-1.4,-0.6,-2.0,0.0
448.0,Tomáš Satoranský,SG,29.0,CHI,58.0,1307.0,13.8,0.614,0.359,0.24,2.6,9.4,6.0,27.9,1.5,0.9,20.9,15.2,1.9,1.1,3.1,0.113,-0.6,0.1,-0.5,0.5
449.0,Dennis Schröder,SG,27.0,LAL,61.0,1956.0,13.8,0.543,0.279,0.32,1.7,10.3,6.1,26.9,1.7,0.6,15.8,22.9,1.0,2.7,3.8,0.093,-1.3,0.1,-1.2,0.4
450.0,Mike Scott,PF,32.0,PHI,51.0,852.0,6.8,0.492,0.735,0.057,1.4,13.8,7.8,6.1,1.4,1.5,8.1,11.9,-0.1,1.1,1.0,0.058,-3.2,0.3,-2.8,-0.2
451.0,Jay Scrubb,SG,20.0,LAC,4.0,84.0,6.3,0.458,0.25,0.139,2.8,15.6,9.4,1.7,2.4,0.0,15.5,23.8,-0.2,0.1,-0.1,-0.072,-8.1,-2.8,-10.9,-0.2
452.0,Collin Sexton,SG,22.0,CLE,60.0,2115.0,18.0,0.573,0.239,0.347,3.0,7.0,4.9,22.6,1.4,0.4,11.6,29.7,2.6,0.9,3.5,0.08,1.8,-1.9,-0.2,1.0
453.0,Landry Shamet,SG,23.0,BRK,61.0,1403.0,10.3,0.578,0.73,0.171,0.9,7.6,4.4,9.3,1.1,0.6,8.9,16.7,1.2,0.6,1.8,0.063,-1.0,-1.5,-2.4,-0.2
454.0,Iman Shumpert,SG,30.0,BRK,2.0,11.0,-0.4,0.25,0.75,0.0,10.6,0.0,5.0,0.0,4.4,0.0,20.0,19.8,-0.1,0.0,0.0,-0.212,-10.4,-2.2,-12.6,0.0
455.0,Pascal Siakam,PF,26.0,TOR,56.0,2006.0,17.7,0.547,0.256,0.313,5.0,17.6,11.1,20.5,1.5,1.8,10.6,26.3,2.3,2.0,4.2,0.101,1.0,-0.3,0.8,1.4
456.0,Chris Silva,PF,24.0,MIA,11.0,83.0,13.4,0.765,0.077,1.154,9.8,24.4,17.2,10.3,0.6,6.3,31.5,15.5,0.1,0.1,0.2,0.136,-5.3,1.4,-3.9,0.0
456.0,Chris Silva,PF,24.0,SAC,4.0,9.0,-5.9,0.333,0.0,0.0,0.0,25.0,12.3,0.0,0.0,9.4,25.0,19.1,-0.1,0.0,0.0,-0.219,-19.3,-1.3,-20.6,0.0
457.0,Ben Simmons,PG,24.0,PHI,58.0,1877.0,18.3,0.584,0.017,0.492,5.6,18.7,12.2,31.3,2.4,1.7,19.6,20.2,2.7,3.3,6.0,0.153,0.7,2.2,2.9,2.3
458.0,Anfernee Simons,SG,21.0,POR,64.0,1104.0,12.3,0.589,0.703,0.142,1.3,12.5,6.8,11.4,0.8,0.6,9.2,18.3,1.5,0.3,1.8,0.078,0.6,-1.6,-1.0,0.3
459.0,Deividas Sirvydis,SG,20.0,DET,20.0,133.0,5.7,0.481,0.7,0.15,0.0,24.5,12.1,5.4,0.7,0.0,10.5,15.7,-0.1,0.1,0.0,-0.01,-4.2,-1.2,-5.4,-0.1
460.0,Alen Smailagić,PF,20.0,GSW,15.0,84.0,8.9,0.472,0.37,0.222,7.7,12.5,10.1,6.5,1.7,5.2,14.4,17.6,-0.1,0.1,0.0,0.015,-4.9,-0.4,-5.3,-0.1
461.0,Marcus Smart,PG,26.0,BOS,48.0,1581.0,13.8,0.539,0.553,0.318,2.5,9.3,5.9,23.6,2.2,1.4,14.2,18.4,1.8,1.5,3.3,0.1,-0.4,0.2,-0.3,0.7
462.0,Dennis Smith Jr.,PG,23.0,NYK,3.0,28.0,6.8,0.356,0.4,0.6,0.0,7.7,3.9,14.4,5.4,0.0,7.3,21.7,-0.1,0.1,0.0,-0.015,-8.5,4.7,-3.8,0.0
462.0,Dennis Smith Jr.,PG,23.0,DET,20.0,392.0,14.1,0.504,0.4,0.148,3.4,11.8,7.5,28.8,2.5,3.1,14.8,18.8,0.1,0.5,0.6,0.076,-0.6,1.3,0.7,0.3
463.0,Ish Smith,PG,32.0,WAS,44.0,924.0,11.6,0.473,0.165,0.111,2.5,14.6,8.6,24.7,1.6,1.2,11.6,15.8,0.2,0.9,1.1,0.056,-2.1,0.5,-1.5,0.1
464.0,Jalen Smith,PF,20.0,PHO,27.0,156.0,8.4,0.499,0.34,0.14,5.2,21.4,13.4,3.4,0.3,2.9,11.7,17.1,-0.1,0.2,0.1,0.022,-4.8,-1.3,-6.1,-0.2
465.0,Tony Snell,SG,29.0,ATL,47.0,992.0,9.5,0.708,0.637,0.064,2.0,10.2,6.2,7.9,0.6,1.0,10.7,8.6,1.6,0.5,2.0,0.099,-0.4,-0.1,-0.5,0.4
466.0,Ray Spalding,C,23.0,HOU,2.0,19.0,0.8,0.41,0.25,0.5,10.8,11.7,11.2,0.0,0.0,9.4,38.1,17.6,-0.1,0.0,-0.1,-0.184,-12.2,-2.1,-14.3,-0.1
467.0,Cassius Stanley,SG,21.0,IND,24.0,93.0,5.5,0.383,0.302,0.209,9.4,13.9,11.7,1.4,0.5,1.7,2.1,22.0,-0.2,0.1,-0.1,-0.05,-7.2,-4.0,-11.2,-0.2
468.0,Lamar Stevens,PF,23.0,CLE,40.0,499.0,10.5,0.521,0.184,0.375,5.3,16.6,10.8,7.4,1.7,2.3,12.7,15.8,0.0,0.5,0.4,0.043,-4.2,0.0,-4.2,-0.3
469.0,Isaiah Stewart,C,19.0,DET,68.0,1455.0,16.4,0.597,0.154,0.225,12.0,22.7,17.3,6.3,1.3,5.2,13.0,15.5,1.9,2.1,4.0,0.132,-1.6,0.5,-1.1,0.3
470.0,Max Strus,SF,24.0,MIA,39.0,507.0,12.1,0.597,0.791,0.128,1.1,8.0,4.6,7.3,1.1,0.4,3.9,18.3,0.6,0.3,0.9,0.088,-0.5,-1.7,-2.2,0.0
471.0,Edmond Sumner,SG,25.0,IND,53.0,861.0,12.7,0.626,0.312,0.294,2.3,9.5,5.9,7.9,1.8,0.9,13.8,18.3,0.7,0.7,1.4,0.077,-2.3,-0.5,-2.8,-0.2
472.0,Jae'Sean Tate,SF,25.0,HOU,70.0,2043.0,13.8,0.576,0.312,0.235,6.6,13.2,9.8,13.2,2.0,1.6,12.4,16.4,2.2,1.6,3.8,0.088,-1.6,0.3,-1.4,0.3
473.0,Jayson Tatum,SF,22.0,BOS,64.0,2290.0,21.3,0.576,0.368,0.258,2.4,20.7,11.5,20.3,1.6,1.3,10.4,30.8,4.1,2.5,6.5,0.137,4.2,-0.3,3.9,3.4
474.0,Jeff Teague,PG,32.0,BOS,34.0,616.0,11.4,0.542,0.298,0.324,1.8,8.6,5.2,16.2,2.1,1.1,15.4,17.7,0.3,0.5,0.8,0.062,-2.4,-0.3,-2.7,-0.1
474.0,Jeff Teague,PG,32.0,MIL,21.0,334.0,14.1,0.598,0.271,0.458,1.6,7.9,4.9,22.2,1.1,1.3,17.8,17.6,0.5,0.2,0.8,0.11,-0.5,-1.0,-1.4,0.1
475.0,Garrett Temple,SG,34.0,CHI,56.0,1528.0,8.2,0.525,0.525,0.131,2.1,9.4,5.8,10.5,1.4,1.7,12.6,13.1,0.2,1.4,1.6,0.05,-3.3,0.3,-3.1,-0.4
476.0,Tyrell Terry,PG,20.0,DAL,11.0,56.0,6.0,0.318,0.438,0.188,0.0,11.7,5.9,14.0,4.4,0.0,10.4,15.3,-0.1,0.1,-0.1,-0.049,-7.5,2.6,-5.0,0.0
477.0,Daniel Theis,C,28.0,BOS,42.0,1027.0,15.0,0.625,0.33,0.233,5.8,18.1,11.9,9.3,1.2,3.9,11.4,15.0,1.7,1.2,2.9,0.134,-0.6,1.0,0.4,0.6
477.0,Daniel Theis,C,28.0,CHI,23.0,574.0,14.9,0.584,0.32,0.242,7.6,18.5,13.1,10.0,1.4,2.1,11.3,16.8,0.7,0.7,1.4,0.116,-1.0,0.3,-0.7,0.2
478.0,Brodric Thomas,SG,24.0,HOU,4.0,24.0,7.2,0.496,0.857,1.0,4.3,13.9,8.9,22.7,2.0,3.7,28.4,24.9,-0.1,0.0,0.0,-0.063,-7.0,0.5,-6.5,0.0
478.0,Brodric Thomas,SG,24.0,CLE,28.0,375.0,8.0,0.487,0.525,0.386,2.0,12.8,7.3,9.9,1.8,2.1,13.2,15.8,-0.2,0.3,0.1,0.01,-4.5,0.3,-4.3,-0.2
479.0,Isaiah Thomas,PG,31.0,NOP,3.0,48.0,2.4,0.412,0.444,0.074,2.3,6.8,4.5,15.1,1.0,0.0,17.7,29.7,-0.2,0.0,-0.2,-0.179,-7.8,-5.2,-13.1,-0.1
480.0,Khyri Thomas,SG,24.0,HOU,5.0,153.0,21.3,0.586,0.409,0.136,4.7,8.0,6.3,26.9,2.8,3.5,7.9,21.1,0.4,0.1,0.5,0.164,2.5,-0.1,2.4,0.2
481.0,Matt Thomas,SG,26.0,TOR,26.0,192.0,8.2,0.545,0.661,0.113,1.7,10.7,6.0,6.7,0.5,0.0,8.4,16.0,0.0,0.1,0.1,0.028,-1.9,-2.0,-3.9,-0.1
481.0,Matt Thomas,SG,26.0,UTA,19.0,134.0,10.5,0.499,0.6,0.108,3.3,14.4,9.1,11.3,0.7,0.0,10.5,24.5,-0.1,0.2,0.1,0.034,-3.5,-2.0,-5.5,-0.1
482.0,Tristan Thompson,PF,29.0,BOS,54.0,1287.0,14.2,0.54,0.009,0.368,14.5,23.5,19.0,7.2,0.9,2.4,14.1,14.8,1.5,1.4,2.9,0.107,-1.5,-1.0,-2.5,-0.2
483.0,Sindarius Thornwell,SG,26.0,NOP,14.0,73.0,4.5,0.388,0.429,0.095,1.5,5.9,3.7,7.0,3.3,1.3,15.5,14.9,-0.2,0.1,-0.1,-0.057,-6.0,0.7,-5.3,-0.1
483.0,Sindarius Thornwell,SG,26.0,ORL,7.0,144.0,7.7,0.434,0.56,0.24,1.4,8.2,4.7,16.0,2.7,0.6,9.8,9.2,0.0,0.1,0.1,0.042,-5.5,1.1,-4.4,-0.1
484.0,Matisse Thybulle,SG,23.0,PHI,65.0,1298.0,10.1,0.508,0.588,0.074,2.6,7.8,5.3,6.3,3.9,4.9,11.3,9.4,0.1,2.7,2.8,0.102,-2.6,4.5,1.9,1.3
485.0,Killian Tillie,C,22.0,MEM,18.0,182.0,8.5,0.461,0.579,0.193,3.5,10.6,7.0,5.6,1.3,4.0,3.1,14.8,0.0,0.2,0.2,0.055,-3.4,-0.3,-3.7,-0.1
486.0,Xavier Tillman Sr.,PF,22.0,MEM,59.0,1085.0,14.7,0.605,0.217,0.177,7.2,18.0,12.5,9.4,1.9,2.7,12.3,14.3,1.4,1.5,2.9,0.127,-1.3,1.1,-0.2,0.5
487.0,Anthony Tolliver,PF,35.0,PHI,11.0,99.0,4.0,0.433,0.824,0.353,3.4,7.6,5.6,2.5,1.5,1.8,13.3,9.8,-0.1,0.1,0.1,0.025,-5.6,-1.5,-7.0,-0.1
488.0,Obi Toppin,PF,22.0,NYK,62.0,683.0,12.7,0.574,0.407,0.124,4.2,17.6,11.0,6.4,1.2,2.1,9.4,15.9,0.5,1.0,1.5,0.109,-1.4,0.7,-0.7,0.2
489.0,Juan Toscano-Anderson,SG,27.0,GSW,53.0,1107.0,12.6,0.676,0.44,0.148,2.8,19.5,11.3,18.1,1.7,2.1,21.5,11.0,1.4,1.6,3.0,0.13,-1.4,2.2,0.8,0.8
490.0,Axel Toupane,SF,28.0,MIL,8.0,61.0,9.0,0.497,0.182,0.636,0.0,10.0,5.2,7.6,1.5,4.4,0.0,9.7,0.1,0.1,0.1,0.097,-4.1,1.1,-3.0,0.0
491.0,Karl-Anthony Towns,C,25.0,MIN,50.0,1689.0,23.1,0.612,0.36,0.355,8.2,26.4,17.0,22.6,1.1,2.9,13.7,29.1,3.8,1.6,5.4,0.153,4.3,0.2,4.5,2.8
492.0,Gary Trent Jr.,SG,22.0,POR,41.0,1262.0,12.4,0.55,0.582,0.143,1.7,6.1,3.9,6.7,1.4,0.4,5.3,20.1,1.2,0.3,1.5,0.056,-0.1,-1.8,-1.9,0.0
492.0,Gary Trent Jr.,SG,22.0,TOR,17.0,540.0,11.3,0.501,0.475,0.119,1.2,11.6,6.2,6.4,1.7,0.7,4.2,22.9,-0.2,0.4,0.2,0.019,-1.6,-1.5,-3.1,-0.2
493.0,P.J. Tucker,PF,35.0,HOU,32.0,959.0,5.5,0.5,0.656,0.176,3.5,13.3,8.2,6.1,1.4,1.7,19.0,7.7,-0.2,0.6,0.4,0.021,-5.3,0.7,-4.6,-0.6
493.0,P.J. Tucker,PF,35.0,MIL,20.0,397.0,5.7,0.539,0.717,0.109,4.9,9.7,7.4,4.6,1.2,0.4,12.7,5.8,0.2,0.3,0.5,0.065,-2.9,0.0,-2.9,-0.1
494.0,Rayjon Tucker,PG,23.0,PHI,14.0,68.0,15.1,0.645,0.389,1.056,1.6,15.9,8.9,12.2,1.4,0.0,13.2,19.2,0.1,0.1,0.2,0.166,-3.0,-0.4,-3.4,0.0
495.0,Myles Turner,C,24.0,IND,47.0,1455.0,15.3,0.599,0.477,0.329,4.7,18.0,11.4,4.4,1.3,8.8,11.9,16.4,1.1,2.2,3.3,0.11,-1.6,2.0,0.4,0.9
496.0,Jonas Valančiūnas,C,28.0,MEM,62.0,1755.0,24.4,0.636,0.077,0.273,15.1,31.9,23.4,10.0,1.0,2.9,10.7,22.4,5.1,2.6,7.8,0.213,3.2,-0.3,3.0,2.2
497.0,Denzel Valentine,SG,27.0,CHI,62.0,1036.0,10.1,0.479,0.582,0.041,2.6,18.3,10.5,14.0,1.4,0.6,9.0,19.5,-0.4,1.1,0.7,0.032,-2.2,-0.4,-2.7,-0.2
498.0,Jarred Vanderbilt,PF,21.0,MIN,64.0,1139.0,16.2,0.612,0.021,0.432,10.8,24.7,17.5,9.3,2.7,3.5,15.9,12.3,1.6,1.5,3.1,0.132,-1.4,1.4,-0.1,0.5
499.0,Fred VanVleet,SG,26.0,TOR,52.0,1899.0,16.8,0.534,0.547,0.22,1.8,11.3,6.4,26.7,2.2,2.0,9.1,23.9,2.4,1.8,4.3,0.108,2.2,0.2,2.5,2.2
500.0,Anderson Varejão,C,38.0,CLE,5.0,36.0,12.9,0.326,0.063,0.563,21.3,41.4,31.1,12.2,0.0,5.0,4.8,25.4,-0.1,0.0,0.0,-0.029,-3.7,-3.3,-7.1,0.0
501.0,Devin Vassell,SF,20.0,SAS,62.0,1056.0,10.6,0.524,0.495,0.168,2.4,15.4,8.8,7.1,2.0,1.4,6.3,14.3,0.4,1.1,1.5,0.069,-2.2,0.7,-1.5,0.1
502.0,Gabe Vincent,PG,24.0,MIA,50.0,655.0,7.6,0.498,0.639,0.099,1.8,7.9,4.9,15.1,1.6,0.3,12.3,19.1,-0.4,0.5,0.2,0.011,-4.5,-0.9,-5.4,-0.6
503.0,Noah Vonleh,PF,25.0,BRK,4.0,11.0,-19.0,0.0,0.667,0.0,0.0,9.6,5.0,10.2,0.0,0.0,40.0,19.8,-0.1,0.0,-0.1,-0.488,-20.9,-5.8,-26.7,-0.1
504.0,Nikola Vučević,C,30.0,ORL,44.0,1500.0,23.5,0.565,0.317,0.121,5.8,30.8,17.9,22.1,1.4,1.7,8.0,29.9,2.1,1.8,3.9,0.125,5.5,0.4,5.9,3.0
504.0,Nikola Vučević,C,30.0,CHI,26.0,848.0,21.8,0.55,0.311,0.094,7.8,31.2,19.6,20.0,1.3,2.1,7.8,28.2,1.2,1.2,2.4,0.137,3.8,0.5,4.4,1.4
505.0,Dean Wade,PF,24.0,CLE,63.0,1212.0,11.3,0.573,0.685,0.125,3.4,16.8,9.9,8.9,1.4,1.5,8.4,12.9,1.1,0.9,2.0,0.08,-1.1,-0.1,-1.3,0.2
506.0,Moritz Wagner,C,23.0,WAS,25.0,375.0,15.4,0.614,0.344,0.426,3.7,16.9,10.3,11.7,2.7,1.8,12.7,18.3,0.5,0.5,1.0,0.134,-1.5,1.3,-0.1,0.2
506.0,Moritz Wagner,C,23.0,BOS,9.0,61.0,-1.0,0.37,0.429,0.143,5.4,29.4,17.3,12.4,0.0,1.5,37.7,16.9,-0.2,0.1,-0.2,-0.146,-10.0,-0.3,-10.3,-0.1
506.0,Moritz Wagner,C,23.0,ORL,11.0,286.0,11.5,0.563,0.462,0.355,3.9,16.1,9.8,6.3,0.7,2.9,10.8,18.2,0.2,0.2,0.4,0.063,-2.9,-1.2,-4.0,-0.1
507.0,Kemba Walker,PG,30.0,BOS,43.0,1369.0,17.7,0.559,0.522,0.22,1.3,12.6,6.9,23.8,1.7,0.8,10.6,26.1,2.1,1.1,3.3,0.115,2.8,-0.7,2.1,1.4
508.0,Lonnie Walker IV,SG,22.0,SAS,60.0,1522.0,9.8,0.523,0.463,0.115,1.0,10.1,5.4,9.6,0.9,0.8,9.2,20.1,-0.5,0.9,0.4,0.012,-2.3,-1.4,-3.7,-0.7
509.0,John Wall,PG,30.0,HOU,40.0,1288.0,15.4,0.503,0.343,0.291,1.3,9.7,5.3,36.2,1.5,2.1,14.7,31.7,-1.0,0.8,-0.2,-0.007,1.2,-1.9,-0.7,0.4
510.0,Brad Wanamaker,PG,31.0,GSW,39.0,625.0,8.5,0.468,0.353,0.324,1.4,9.8,5.6,20.8,2.0,0.8,15.8,16.0,-0.2,0.7,0.5,0.036,-4.4,0.9,-3.5,-0.2
510.0,Brad Wanamaker,PG,31.0,CHO,22.0,428.0,10.9,0.518,0.19,0.357,2.5,7.5,4.9,25.0,1.9,1.2,18.9,18.1,0.1,0.3,0.4,0.044,-4.4,-0.5,-4.8,-0.3
511.0,T.J. Warren,SF,27.0,IND,4.0,117.0,11.6,0.56,0.137,0.196,1.9,11.1,6.5,6.5,0.8,0.0,6.7,21.6,0.1,0.1,0.1,0.045,-3.6,-1.9,-5.5,-0.1
512.0,P.J. Washington,PF,22.0,CHO,64.0,1954.0,13.4,0.549,0.423,0.211,5.1,18.3,11.6,12.2,1.7,4.0,14.6,19.4,0.3,2.4,2.7,0.066,-1.5,0.6,-0.9,0.6
513.0,Yuta Watanabe,SF,26.0,TOR,50.0,723.0,12.2,0.565,0.5,0.161,5.3,19.4,12.1,7.7,1.7,2.6,9.0,12.7,0.7,0.8,1.5,0.102,-1.1,0.5,-0.7,0.2
514.0,Tremont Waters,PG,23.0,BOS,26.0,238.0,14.6,0.541,0.452,0.202,2.3,7.5,4.9,36.4,3.1,0.4,22.8,21.4,0.2,0.2,0.4,0.08,0.4,-0.1,0.3,0.1
515.0,Paul Watson,SF,26.0,TOR,27.0,297.0,10.9,0.649,0.78,0.098,1.4,15.7,8.3,8.2,1.0,1.0,9.5,13.7,0.4,0.2,0.6,0.096,-0.8,-0.6,-1.3,0.1
516.0,Quinndary Weatherspoon,SG,24.0,SAS,20.0,121.0,9.6,0.547,0.171,0.457,2.6,7.2,4.8,9.1,3.2,1.4,19.2,18.7,-0.1,0.1,0.1,0.023,-5.8,0.7,-5.0,-0.1
517.0,Russell Westbrook,PG,32.0,WAS,65.0,2369.0,19.5,0.509,0.221,0.334,4.9,28.6,16.8,48.6,1.7,0.8,18.0,30.2,0.5,3.2,3.7,0.075,2.6,1.1,3.7,3.4
518.0,Coby White,PG,20.0,CHI,69.0,2156.0,12.0,0.54,0.503,0.157,1.5,13.0,7.3,21.8,0.9,0.6,13.9,22.5,0.7,1.7,2.4,0.052,-1.2,-1.2,-2.4,-0.2
519.0,Derrick White,SG,26.0,SAS,36.0,1064.0,15.0,0.55,0.536,0.252,1.3,9.6,5.4,17.4,1.2,2.9,8.2,22.4,1.0,0.9,1.9,0.085,1.3,0.0,1.3,0.9
520.0,Hassan Whiteside,C,31.0,SAC,36.0,546.0,19.2,0.566,0.004,0.353,12.2,31.8,21.9,5.6,0.8,7.1,13.4,23.5,0.3,0.6,0.9,0.081,-1.8,-0.4,-2.2,0.0
521.0,Greg Whittington,PF,27.0,DEN,4.0,12.0,-10.2,0.0,0.667,0.0,0.0,0.0,0.0,0.0,0.0,0.0,0.0,10.9,-0.1,0.0,-0.1,-0.259,-11.4,-5.7,-17.2,0.0
522.0,Andrew Wiggins,PF,25.0,GSW,71.0,2364.0,15.0,0.568,0.348,0.225,3.7,11.8,7.8,10.9,1.3,2.6,9.8,23.3,1.2,2.7,3.9,0.08,0.0,-0.4,-0.4,1.0
523.0,Grant Williams,PF,22.0,BOS,63.0,1138.0,7.5,0.546,0.522,0.206,4.7,12.8,8.7,7.4,1.4,2.0,17.2,12.3,0.1,1.0,1.1,0.046,-4.0,0.3,-3.7,-0.5
524.0,Kenrich Williams,PF,26.0,OKC,66.0,1426.0,14.0,0.599,0.285,0.153,6.1,14.0,10.0,16.4,1.8,1.1,14.8,15.3,1.6,1.2,2.8,0.096,-1.2,0.5,-0.7,0.4
525.0,Lou Williams,PG,34.0,LAC,42.0,918.0,15.7,0.529,0.277,0.277,1.9,8.7,5.4,23.3,2.1,0.4,12.0,26.5,0.7,0.9,1.6,0.084,-0.5,-1.0,-1.5,0.1
525.0,Lou Williams,PG,34.0,ATL,24.0,505.0,10.8,0.498,0.25,0.25,1.3,9.3,5.4,23.7,0.8,0.3,14.9,24.3,-0.2,0.2,0.0,0.004,-1.8,-2.5,-4.3,-0.3
526.0,Patrick Williams,PF,19.0,CHI,71.0,1983.0,10.5,0.562,0.261,0.237,3.7,14.4,9.1,6.7,1.6,2.0,14.4,14.9,0.3,2.2,2.5,0.06,-2.8,0.4,-2.4,-0.2
527.0,Robert Williams,C,23.0,BOS,52.0,985.0,25.7,0.719,0.008,0.283,14.9,25.6,20.2,14.2,2.1,8.6,15.2,15.0,3.4,1.9,5.3,0.258,2.9,3.1,6.0,2.0
528.0,Zion Williamson,PF,20.0,NOP,61.0,2026.0,27.1,0.649,0.033,0.51,8.9,14.7,11.8,19.7,1.3,1.8,11.6,29.8,7.1,1.6,8.7,0.205,6.1,-0.3,5.8,4.0
529.0,D.J. Wilson,PF,24.0,MIL,12.0,105.0,8.4,0.49,0.651,0.047,3.1,21.3,12.5,3.7,0.4,3.4,8.4,19.1,-0.1,0.1,0.0,0.022,-3.7,-1.4,-5.1,-0.1
529.0,D.J. Wilson,PF,24.0,HOU,23.0,328.0,12.5,0.518,0.472,0.184,5.3,23.8,14.1,9.3,1.4,3.3,11.8,19.9,-0.1,0.3,0.2,0.036,-2.3,-0.4,-2.7,-0.1
530.0,Dylan Windler,SF,24.0,CLE,31.0,513.0,10.8,0.567,0.592,0.208,4.3,19.5,11.7,9.4,1.8,2.1,18.4,14.8,0.0,0.5,0.5,0.045,-2.0,0.3,-1.7,0.0
531.0,Justise Winslow,SF,24.0,MEM,26.0,507.0,6.2,0.395,0.257,0.167,3.7,21.1,12.3,13.3,1.4,2.1,14.1,21.9,-1.3,0.6,-0.7,-0.066,-6.2,0.2,-6.0,-0.5
532.0,Cassius Winston,PG,22.0,WAS,22.0,98.0,10.8,0.575,0.515,0.182,0.0,9.7,4.9,16.3,0.9,0.9,12.3,17.2,0.1,0.1,0.1,0.066,-2.1,-1.1,-3.2,0.0
533.0,James Wiseman,C,19.0,GSW,39.0,836.0,13.1,0.552,0.103,0.234,7.1,21.5,14.4,4.9,0.6,3.8,12.9,23.8,-0.4,1.2,0.7,0.042,-4.0,-1.0,-5.0,-0.6
534.0,Christian Wood,C,25.0,HOU,41.0,1326.0,20.0,0.591,0.322,0.309,5.9,26.8,15.9,9.4,1.2,3.2,9.9,25.9,1.4,1.4,2.8,0.1,1.7,-0.3,1.4,1.1
535.0,Robert Woodard II,SF,21.0,SAC,13.0,45.0,12.5,0.425,0.3,0.4,9.7,30.0,19.7,6.3,0.0,5.6,4.1,23.4,0.0,0.0,0.0,-0.011,-2.7,-2.6,-5.3,0.0
536.0,Delon Wright,SG,28.0,DET,36.0,1052.0,16.5,0.562,0.304,0.307,3.9,13.6,8.7,25.7,2.7,1.6,12.6,15.8,1.7,1.3,2.9,0.134,0.7,2.2,2.9,1.3
536.0,Delon Wright,PG,28.0,SAC,27.0,696.0,15.9,0.563,0.369,0.16,4.4,12.5,8.4,18.9,3.0,1.3,12.7,17.1,0.8,0.5,1.3,0.092,0.5,0.6,1.2,0.6
537.0,Thaddeus Young,PF,32.0,CHI,68.0,1652.0,20.3,0.578,0.068,0.171,11.4,16.9,14.2,27.1,2.2,2.1,16.1,22.3,2.8,2.2,5.1,0.147,1.9,1.4,3.3,2.2
538.0,Trae Young,PG,22.0,ATL,63.0,2125.0,23.0,0.589,0.357,0.491,2.0,10.5,6.3,45.5,1.2,0.5,16.2,33.0,5.9,1.3,7.2,0.163,5.3,-1.7,3.7,3.0
539.0,Cody Zeller,C,28.0,CHO,48.0,1005.0,18.2,0.599,0.086,0.367,12.6,22.9,17.7,13.2,1.3,1.7,11.9,18.3,2.1,1.1,3.3,0.156,-0.2,-0.2,-0.5,0.4
540.0,Ivica Zubac,C,23.0,LAC,72.0,1609.0,19.1,0.693,0.01,0.434,13.6,22.4,18.1,7.9,0.7,3.4,14.7,15.1,4.8,2.1,6.9,0.206,0.6,0.4,1.0,1.2
